dish_name,description,spice,views,rating,number_of_votes,serves,dietary_info,ingredients,instructions,prep_time,cook_time
Pistachio chicken,Mild chicken in a creamy pistachio sauce,mild,11604,4.1,18.0,4.0,['CONTAINS-NUTS'],"['600g chicken thighs, cut into chunks', '100g Pistachios, blanched', '1 medium onion, chopped finely', '7cm piece ginger, roughly chopped', '2-3 green chillies 6 garlic cloves', '½ small bunch of fresh coriander leaves', '200g yoghurt ½ tsp turmeric powder', 'Salt to taste', '2 tbsp ghee', '2 cloves', '15 black peppercorns', '4 green cardamoms, cracked', '1 bay leaf', '2 inch cassia bark', '1 tsp cumin seeds', 'Fresh cream for garnish', 'Fresh coriander to garnish</li>']","['Boil enough water to cover the pistachios, add them and blanch for about 5 minutes.', 'Drain and put them into cold water so they stay green.', 'Squish them in your fingers to remove the skins. Discard the skin and place the pistachios in a bowl for later.', 'Put the chicken in a large bowl and add yoghurt, turmeric powder, salt and mix well.', 'Heat ghee and add cloves, black peppercorns, green cardamoms, bay leaf and cassia and sauté until fragrant. Add minced onion and and cook to soften for 5-10 minutes.', 'Add ginger, green chillies, garlic and sauté until soft. Stir in the pistachios and stil for 2-3 minutes. Remove the pan from the heat and let it cool for a while.', 'Remove the bay leaf and cassia bark. Pour into a large jug and add a handful of fresh coriander leaves and about 130 ml of water and with a stick blender and blitz to a fine purée.', 'In the same pan heat a tbsp of ghee and add cumin seeds until they sizzle and put the cassia and bay back to the pan. Add the marinated chicken and sauté on high heat for 3-4 minutes.', 'Pour in the blended pistachio paste with some salt and mix well. Cover the pan and cook for 25 minutes, stirring occasionally until cooked through.', 'Transfer into a serving bowl. Garnish with fresh cream, coriander and slivers of pistachios.']",10,30
Tangy Fried Okra,Bhindi with Amchoor,medium,49899,4.6,35.0,4.0,['VEGETARIAN'],"['500g okra', '3 tbsp mustard oil', '1 onion, finely sliced', '2 tsp coriander seeds', '1 dried red chilli/1tsp chilli flakes', '1 tsp salt', '1 tsp turmeric', '1 tsp garam masala', '2 tsp amchoor powder (dried mango powder)']","['Wash and thoroughly dry the okra (kitchen roll is great for this).', 'Remove the tops and slice the okra in half lengthways. Place the coriander seeds and red chilli into the pestle and mortar and pound until you have a coarse powder, then leave to one side.', 'Heat the oil in a wok or non-stick pan on a medium heat, then stir in the sliced onions and cook until they just begin to brown.', 'Add the okra and fry for about ten minutes, stirring now and then.', 'Add the salt, turmeric along with the coriander and chilli mixture. Reduce the heat and leave the okra to cook for five more minutes (do not cover the pan).', 'Once cooked, remove from the heat, sprinkle with garam masala and dust with the armchoor powder to serve.']",10,15
Healthy Chicken Korma,Chicken in Creamy Almond Sauce,mild,115569,3.6,163.0,4.0,['CONTAINS-NUTS'],"['6-8 tbsp natural yoghurt', '1 tsp turmeric', '1 tsp cumin seeds, ground', '1 tsp cinnamon powder', '1 tsp coriander seeds, ground', 'Pinch of saffron threads', '3cm fresh ginger, grated', '4 cloves garlic, crushed', '4 skinless free range chicken breast cubed', '1 tbsp rapeseed oil', '1 onion very finely chopped or grated', '2–3 tbsp ground almonds', '2 tbsp ground coconut', '1 tbsp flaked toasted almonds', 'large pinch fresh coriander, chopped']","['Grind your whole spices in a spice grinder.', 'Place the yoghurt into a bowl with the turmeric, cumin, cinnamon, coriander, saffron, ginger and garlic and mix well to combine the flavours.', 'Add the chicken pieces into the yoghurt mixture and coat all the chicken. Leave to marinade for as long as possible.', ""Heat some oil in a pan and cook the onion until it softens and just starts turning golden (you don't want them too brown). If the onions catch on the bottom of the pan, just add a splash of water to help them cook down."", 'Add the chicken and marinade to the pan and stir until the meat just starts to cook.', 'Reduce the heat and place the lid on the pan and leave to cook for 5 minutes.', 'Remove the lid and stir in the ground almonds and coconut. If it seems dry, add a little splash of hot water and allow the chicken to cook for a couple of minutes until the chicken is cooked through.\xa0Remove the pan from the heat.', 'Toast some almond slivers in a dry pan until golden, remove and set to one side.', 'When ready to serve, add some fresh coriander and the toasted almonds.']",10,20
Brown Lentil Dhal,Sabut Masoor di Dhal,medium,146798,3.7,87.0,4.0,['VEGETARIAN'],"['200g brown lentils', 'Approx. 1L of water']","['Place the lentils in the pressure cooker with about 700ml of cold water and one tsp salt.', 'Put the lid on the pan and secure it as instructed. Bring to the boil and allow the cooker to whistle three times.', 'Reduce heat and leave it to simmer for 10 minutes. Remove from the heat and leave to cool - DO NOT REMOVE THE LID.', 'In a frying pan heat the butter and add the onions and fry until lightly browned. Reduce the heat and add the tomatoes, ginger, chilli, turmeric and cook down so the tomatoes and onions melt, creating a thick masala paste. This will take about 10 minutes.', 'Ensure the steam has been released from the pressure cooker and open the lid.', 'Check the dhal is cooked by squeezing some lentils between your fingers. If they are still hard check the water level (add a little more if required) and re-place lid on the cooker and repeat as per step 2. Once the lentils are soft they are ready.', 'Add the masala paste to the cooked dhal and cook together for a few minutes.', 'Sprinkle in the garam masala and coriander to serve.']",10,20
Thari Wala Chicken,Healthy Chicken Curry,medium,262696,3.5,343.0,4.0,['LACTOSE-FREE'],['8 pieces of chicken (4 legs cut into thigh and drumsticks)'],"['Skin the chicken, removing any excess fat.', 'Heat oil in a pan and add the onion and garlic. Fry on a high heat for a few minutes then reduce the heat and cook gently for about 20 minutes until they turn a lovely dark golden brown. If they stick to the bottom of the pan reduce the heat and add a dash of hot water as and when required.', 'Once browned add the tinned tomatoes, ginger, salt, turmeric, coriander stalks and chopped chilli. Increase the heat to high.', 'Let the onions and tomatoes melt together creating a thick aromatic masala paste. This will take about 5-10 minutes so be patient! Once the paste is shiny and thick add the chicken pieces and stir to coat.', 'Turn the heat up and fry the chicken for 5 minutes.', 'Reduce the heat to the lowest setting and put the lid on the pan. Leave to cook for 20 - 25 minutes until the chicken is cooked and the meat is starting to fall away from the bone.', 'Once cooked, add enough boiling water to just cover the chicken and cook for another few minutes then remove from the heat.', 'Stir in the garam masala, throw in the coriander and serve.']",10,40
Achaari Bangun,Aubergine and Potato Curry with Pickling Spices,hot,21891,3.7,18.0,4.0,['VEGETARIAN'],"['1 tsp fennel seeds', '1 tsp mustard seeds', '1 tsp fenugreek seeds', '1 tsp nigella seeds (kalonji)', '½ tsp cumin seeds', '½ tsp chilli flakes']","[""In a heavy bottom pan, dry roast all the spices on a medium low heat until fragrant and nutty. Shake the pan so they don't burn. Remove from the heat and put into a bowl so they don't continue to cook."", 'Allow the spices to cool completely then in a spice grinder blitz to a fine powder.']",10,30
Aloo Bangun,Potato Aubergine Curry,medium,98155,3.4,91.0,4.0,['VEGETARIAN'],"['2 aubergines, cut into 3cm lengths', '2 potatoes, peeled and cut into 3cm lengths', '2 tbsp mustard oil', '1 tsp mustard seeds', '1 tsp\xa0cumin seeds', '1 onion, finely sliced', '200g/½\xa0tin tomatoes', '1 tbsp ginger, grated', '1 tsp\xa0salt', '1 tsp turmeric', '1 chilli, finely chopped', '1 tsp garam masala', 'Handful fresh coriander,\xa0chopped']","['Heat the oil in a wok or karahi and add 1 tsb of mustard seeds. Once sizzling, add 1 tsp cumin seeds and fry until they become fragrant.', 'Then add 1 sliced onion and continue to cook until soft and lightly browned. .', 'Reduce the heat a little and add 200 g tomatoes, 1 tsp salt, 1 tsp turmeric, 1 finely chopped chilli and 1 tbsp grated ginger. .', 'Cook until the onions and tomatoes melt together to create a thick, aromatic masala paste (5-10 minutes). .', 'Add 2 cubed potatoes and stir to coat with the sauce. Reduce the heat cover the pan with the lid and leave to cook for 5 minutes. Add a little drop of water if required. .', 'Stir in the 2 cubed aubergines and coat them with the masala. .', 'Replace lid and leave to cook for 25-30 minutes stirring occasionally, until cooked through. .', 'Once soft and cooked through sprinkle the curry with garam masala and fresh coriander before serving.']",10,40
Bombay Aloo,Masala Potatoes,hot,212940,3.3,152.0,4.0,['VEGETARIAN'],"['1 tbsp vegetable\xa0oil', '1 tsp mustard seeds', '5 curry leaves', '1 onion, sliced', '2 green chillies, finely chopped', '1 tsp cumin seeds', '1 tsp coriander seeds', '½ tsp red chilli powder (optional)', '½ tsp turmeric', '1 tsp salt', '2 potatoes, cut into chunks', '1 tsp garam masala', 'Handful fresh coriander, finely chopped']","['Heat the oil in a pan and add the mustard seeds and curry leaves.', 'Once the mustard seeds splutter stir in the onions and cook until they turn a light golden brown colour.', 'Place the coriander and cumin seeds into a pestle and mortar and pound to a powder. Add this, the turmeric, green chillies and chilli powder to the onions.', 'After a minute the spices will become fragrant, stir in the potatoes and salt then cook for about 5 minutes.', 'Reduce the heat and stir in a splash of water. Place the lid on the pan and leave to steam for about 15-20 minutes until the potatoes are soft.', 'Remove from the heat and finish with one teaspoon garam masala and a handful of fresh coriander.']",10,30
Coriander Fish,Thania Machchi,medium,68518,3.9,18.0,4.0,['LACTOSE-FREE'],"['4-6 pieces of white fish, washed and dried', '1 tbsp turmeric powder', '1 tsp salt', '2 tbsp oil']",['Sprinkle the fish with salt and turmeric powder and leave to marinade for 15 minutes.'],5,15
Hariyali Chicken,Green Chicken Tikka,medium,71504,3.9,62.0,6.0,[],"['6 chicken thigh fillets, trimmed and skinned']","['Clean, wash and pat dry the chicken pieces.', 'Put the cumin seeds into a pestle and mortar and roughly crush the seeds.', 'Place the mint, coriander, ginger, garlic, chillies, lemon juice, salt and oil into a blender and blitz to a paste.', 'Empty this paste into a bowl and mix in the yoghurt and crushed cumin seeds.', 'Combine the chicken and the marinade and let it sit for at least 30 minutes but overnight is better.', 'Cook in the oven at 180°C for 25 minutes or on the barbecue for about 10-15 minutes until cooked through.']",10,20
Jeera Aloo,Cumin Potatoes,medium,95509,3.6,70.0,6.0,['VEGETARIAN'],"['4 potatoes, boiled and cubed', '2 tbsp vegetable oil', '1 tbsp coriander seeds', '2 tsp cumin seeds', '2 green chillies, slit lengthways', '3cm fresh ginger, sliced very thinly', '1 tsp red chilli powder', '¼\xa0tsp turmeric powder', 'salt to taste', '2 tsp mango powder (amchoor powder)', 'handful of coriander leaves, chopped']","['Boil the potatoes gently with the skin on for about 10 minutes. Once cooled peel and cut them into 4cm cubes and set to one side.', 'Dry roast the coriander seeds and 1 tsp of cumin seeds until fragrant then remove from the heat and cool before crushing.', 'Heat oil and add remaining cumin seeds once sizzling and fragrant, stir in the sliced green chillies and sliced ginger. Saute for a few seconds, reduce the heat and then add the roasted spice powder, turmeric powder, chilli powder and salt.', 'Add the boiled and cubed potatoes. Mix well so that it is well coated with the seasoning.', ""Cook on a gentle heat for 10 minutes stirring occasionally - you don't want them to turn into mash."", 'Add the amchoor powder and garnish with coriander leaves.']",15,10
Cabbage Thoran,Cabbage Curry,hot,58451,4.3,30.0,4.0,['VEGETARIAN'],"['3 tbsp coconut oil', '2 tsp black mustard seeds', '2 tbsp chopped, fresh curry leaves', '1 tsp cumin seeds', '2 dried Kashmiri chillies, each broken into smaller pieces', '5cm ginger piece, finely grated', '½ tsp turmeric', '1 tsp salt', '½ tsp ground black pepper', '250g cabbage, shredded', '2 fresh green chillies, sliced', '100g fresh coconut, grated']","['Heat the oil in a large saucepan or karahi. When it is hot, add the mustard seeds followed by the curry leaves, cumin seeds and dried chillies.', 'Stir for about 30 seconds, then add the grated ginger, turmeric, salt and black pepper and fry for 30 seconds.', 'Stir in the cabbage and cook over a medium heat for 5-7 minutes. You may need to add a splash of water.', 'Once the cabbage is tender, stir in the green chillies and coconut. Heat through for a few minutes and serve.', 'Perfect with some fresh boiled rice.']",10,20
Keralan Fish Curry,South Indian fish curry,hot,146307,3.7,137.0,6.0,['LACTOSE-FREE'],"['750g firm white fish cut into chunks', '½\xa0tsp turmeric', '½\xa0tsp salt', '1 tbsp Coconut oil', '1 tsp mustard seeds', '20 curry leaves', '5 shallots, finely sliced', '4 garlic cloves, finely sliced', '3cm piece of ginger, finely sliced', '1-2 green chilli, finely sliced', '1 tbsp Kashmiri chilli powder (this can be reduced to suit your taste, if unsure use 1tsp)', '½\xa0tsp turmeric', '4 tomatoes, chopped', '400ml tin coconut milk', 'Handful coriander, chopped']","['Coat the fish in salt and turmeric', 'Heat a tbsp of coconut oil in a shallow large based pan.', 'Add the mustard seeds with the curry leaves till the seeds start to pop.', 'Add the sliced shallots, garlic, ginger and chilli, and cook on a medium heat for 5 minutes, till softened.', 'Mix together the chilli powder and turmeric with a splash of water to make a paste (this stops the turmeric burning), and then stir into the pan.', 'Add the coconut milk and heat through. When you are ready to serve add the chopped tomatoes and stir in the fish. Cook on a gentle heat for about 5 minutes until the fish is cooked through.', 'Check the seasoning then sprinkled with fresh chopped coriander and some with fragrant basmati rice.']",10,15
Masala Machchi,Spiced Salmon,medium,36662,3.4,25.0,2.0,['LACTOSE-FREE'],['2 pieces of salmon'],['Heat oven to 180°C.'],10,10
Mixed Vegetable Sabjee,Mixed Vegetable Curry,medium,80099,3.4,59.0,4.0,['VEGETARIAN'],"['1 potato, diced', '1 pepper, diced', '5 mushrooms, quatered', '1 carrot, diced', '50g frozen peas', '2 tbsp mustard oil', '1 tsp mustard seeds', '1 tsp cumin seeds', '1 onion, finely diced', '200g tomatoes', '2 garlic cloves, finely chopped', '1 tbsp ginger, grated', '1 tsp salt', '1 tsp turmeric', '1 tsp dried fenugreek leaves', '1 chilli, finely chopped', '1 tsp garam masala', 'handful of fresh coriander, chopped']","['Heat the oil in a karahi or wok and add the mustard seeds, when sizzling add the cumin seeds until fragrant.', 'Add the onions and garlic then fry until soft and lightly browned (about 10 minutes)', 'Reduce the heat and add the tomatoes, ginger, salt, turmeric, chilli and fenugreek. Continue to cook so the onions and tomatoes melt together to create a thick, aromatic masala paste.', 'Add the chopped vegetables and stir to coat with the sauce.', 'Reduce the heat cover the pan with the lid and leave to cook for about 10-20 minutes, stirring occasionally until the vegetables are cooked through.', 'Once cooked sprinkle with garam masala and fresh coriander before serving.']",10,20
Simply Spiced Seasonal Vegetables,Tarkari Handi,medium,45972,3.8,34.0,4.0,['VEGETARIAN'],"['1 tbsp oil', '1 tsp cumin seeds', '4 mushrooms, sliced', '5 florets cauliflower', '5 florets\xa0broccoli', '6 baby corn, chopped into 3 pieces', '5 asparagus, chopped into 3 pieces', '10 green beans, chopped into 3 pieces', '1 tsp butter', 'handful spinach', 'salt to taste', 'pinch of crushed black pepper', 'juice half a lemon']","['Heat water in a pan and blanch the cauliflower, broccoli, baby corn, asparagus and green beans for a minute or so just to soften. Remove and run under cold water.', 'Heat oil in a frying pan and add cumin seeds.', 'Once fragrant add the mushrooms and saute for just a minute.', 'Add the remaining vegetables except the spinach.', 'Toss the vegetables to heat thoroughly for a few minutes.', 'Add the butter then add the spinach. Toss all the vegetables\xa0together.', 'Add a little salt and crushed black pepper.', 'Squeeze in a little lemon juice and remove from the heat, check the seasoning and serve.']",20,10
Aloo Gobi,Potato Cauliflower Vegetable Curry,medium,164413,3.9,102.0,4.0,['VEGETARIAN'],"['1 small cauliflower', '2 potatoes, peeled cut into 4cm cubes', '2 tbsp mustard oil', '1 tsp mustard seeds', '1 tsp\xa0cumin seeds', '1 onion, finely chopped', '2 cloves garlic, finely chopped', '200g/½\xa0tin tomatoes', '1 tbsp ginger, grated', '1 tsp\xa0salt', '1 tsp\xa0turmeric', '1 chilli, finely chopped', '1 tsp\xa0dried fenugreek', '1 tsp\xa0garam masala', 'Handful chopped fresh coriander']","[""Prepare your cauliflower by cutting into florets, wash and drain. Ensure it's thoroughly dry before cooking."", 'Heat the oil in a karahi and add the mustard seeds. Once sizzling add the cumin seeds.', 'Add the onions and garlic then fry until soft and lightly browned.', 'Once browned reduce the heat a little and add the tomatoes, ginger, salt, turmeric, chilli and dried fenugreek leaves.', 'Continue to cook so the onions and tomatoes melt together to create a thick, aromatic masala paste.', 'Add the potatoes and stir to coat with the sauce.', 'Reduce the heat, cover the pan with the lid and leave to cook for 10 minutes, stirring occasionally.', 'Add the cauliflower and stir into the sauce to coat. Replace lid and leave to cook for a further 25-30 minutes until cooked.', ""Turn the vegetables occasionally but do not stir too vigorously as you don't want the cauliflower or potato to turn mushy. Once cooked sprinkle with garam masala and fresh coriander before serving.""]",10,30
Ajwainy Monkfish,Fish in a carom spiced yoghurt,medium,34441,4.0,20.0,4.0,['WHEAT-FREE'],"['500g monkfish, in thick chunks']","['Put the ginger and garlic into a pestle and mortar and crush them to a paste.', 'Mix this and all the remaining ingredients for the first marinade in a large bowl and add the pieces of monkfish. Leave this for half an hour while you prepare the second marinade.']",5,10
Aloo Muttar,Pea and Potato Curry,medium,65456,3.8,66.0,4.0,['VEGETARIAN'],"['1 tbsp oil for cooking', '1 onion, finely chopped', '3 garlic cloves, chopped', '3cm piece of ginger, grated', '250g tinned plum tomatoes', '1 green chilli, finely chopped', '1 tsp salt', '1 tsp fenugreek powder (methi)', '1 tsp turmeric', '1 tsp chilli powder', '1 or 2 potatoes, peeled and chopped into 3cm cubes', '200g frozen peas', '1 tsp garam masala', 'Handful of fresh coriander, chopped']","['Heat oil and add onion and after a few minutes stir in the garlic. Cook for about 10 minutes until the onions are soft and turning golden.', 'When the onions are cooked add the tomatoes (which you can whizz up before hand), grated ginger, salt, turmeric, fenugreek and chilli.', 'Stir together and cook the sauce until the tomatoes and onion melt together creating a thick masala paste.', 'Once it is thick and shiny add the pototes. Stir to coat them in the sauce then put the lid on the pan and reduce the heat. Leave to cook for 5-10 minutes before adding the frozen peas.', ""Leave to cook for another 10 minutes until the potatoes are soft. (Note: if your potatoes stick just add a splash of water. Don't stir too much as you dont want the potatoes to mash)."", 'Pour in enough hot water to get the consistency you want. Sprinkle with garam masala and fresh coriander and serve with roti or rice.']",10,20
Aloo Tama Bodi,Black eyed bean and bamboo shoot stew,mild,3981,3.1,8.0,4.0,['VEGETARIAN'],"['2 tbsp ghee or oil', '1 onion, finely chopped', '2 garlic cloves, minced', '5cm piece of ginger, grated', '1 tsp coriander seeds, crushed', '1 green chilli (optional)', '½\xa0tsp red chilli powder', '½\xa0tsp turmeric', '200g red lentils, washed', '700ml water', '1\xa0tsp salt']","['Heat the ghee or oil in a large frying pan and cook the onions until translucent but not brown.', 'Turn the heat to low and add in the garlic, ginger, chopped chilli (if using) crushed coriander seeds, red chilli powder and turmeric. Stir to combine for about 3 minutes or so.', 'Add the red lentils and mix with the onion mixture.', 'Pour thd water in and bring it to a boil, add the salt and reduce heat to a simmer for about 15 minutes or until the lentils are tender.', 'Remove from the heat and stir in the fresh coriander.']",10,20
Amchoor Stuffed Bangun,Spice Stuffed Baby Aubergines,medium,28613,4.9,9.0,4.0,['VEGETARIAN'],"['1 tsp coriander seeds, crushed', '½ tsp cumin seeds crushed', '½ tsp turmeric', '½ tsp chilli powder', '1 tsp mango powder (amchoor)', '½\xa0tsp salt', '1 tsp sugar', '8 baby aubergine', '3 tbsp mustard oil']","['Mix all the spices & salt together in a bowl.', 'Slit the aubergines with a cross.', 'Heat oil in a heavy based pan with a lid.', 'Stuff the spice mix into the inside flesh of the auberines.', 'Rub the outside of the aubergines with any remaining spice mix.', 'Place them in the pan and cover the pan. Leave them to cook on a gentle heat.', 'Turn over using some tongs after about 10 minutes. Turn again after another 10 minutes. Cook them for about 25-30 mins until they are soft and tender.']",5,25
Anda di Purjee (Bhurji),Indian Scrambled Eggs,mild,39316,4.5,21.0,4.0,['VEGETARIAN'],"['2 tsp butter', '8 large free range eggs', '3 spring onions, sliced including green bits', '3 mushrooms, diced', '1 tomato, chopped', '2 tsp garam masala', '1 or 2 chillis chopped', '½\xa0tsp chilli powder', '1 tsp salt', 'Handful of fresh coriander, chopped']","['Break the eggs into a bowl and whisk.', 'Heat butter in a frying pan.', 'Add the sliced onions and fry to soften.', 'Add the mushrooms and tomatoes (and other veg) and fry for a few minutes to cook through.', 'Add the garam masala, chopped chilli, chilli powder, salt and stir for a second then add eggs and stir to scramble.', 'Remove from heat and add coriander.']",5,10
Asparagus and Pea Soup with Parsnip Crisps,Healthy asparagus and pea soup,none,21844,4.5,11.0,4.0,['VEGETARIAN'],"['1 tbsp butter', '2 cloves garlic, finely chopped', '1 onion, chopped', '1 tbsp plain flour', '340g asparagus', '250g peas', 'pinch cracked black pepper, or to taste', 'Salt to taste']","['Heat butter in a pan and add the garlic. Cook to soften then stir in the chopped onion.', 'Stir and leave to cook for 2 or 3 minutes.', 'Stir in flour and roast for a minute or so to lose the rawness.', 'Add 500ml of water and stir ensuring there are no lumps.', 'Add the asparagus, peas, salt and pepper and bring to the boil', 'Leave the pan to simmer until asparagus has cooked (about 15-20 minutes).', 'Pour the soup into a blender and blitz until smooth.', 'Pour through a strainer and return to the heat for a few minutes, check the\xa0seasoning then remove from the heat.']",10,30
Asparagus with Indian Spices,15 mins,mild,76735,3.5,71.0,4.0,['VEGETARIAN'],"['2 garlic cloves', '3cm piece ginger', '500g Asparagus, chopped', '3 tsp rapeseed oil', '1 tsp cumin seeds', '½ tsp fennel seeds', '1 onion, sliced', '1 green chillies, finely chopped', '1 tsp Kashmiri chilli powder', '½ tsp amchoor powder (dried mango powder)', '3 tomatoes, chopped finely', 'Salt to taste']","['Crush the ginger and garlic in a pestle and mortar to a paste.', 'Heat the oil in pan and on a medium heat add the cumin and fennel seeds.', 'Once sizzling and fragrant add sliced onions with the chopped green chilies and crushed ginger and garlic. Cook for about 5 minutes.', 'Add the chopped asparagus and sprinkle in the salt, red chili powder and amchoor.', 'Add chopped tomatoes and cook for about 2-3 minutes.']",5,10
Athrak Soup,Ginger soup,medium,120518,3.6,70.0,4.0,['VEGETARIAN'],"['5cm piece of fresh ginger, roughly chopped', '1 fresh chilli, chopped', '3 cloves of garlic', '200g of tinned tomatoes', '200ml water']","['Put all the ginger, chilli, garlic, into a blender and blend to a paste. Then add the tomatoes and water.']",5,15
Avocado Salsa,15 mins,hot,39046,4.0,15.0,6.0,['VEGETARIAN'],"['1 ripe avocado', '1 red onion', '1 chilli, finely chopped', 'Juice from 1 lemon', 'Small handful of fresh coriander, chopped']","['Cut the avocado and onion into very small dices and place in a bowl.', 'Add chilli, lemon juice and coriander and stir together.', 'Leave for a few minutes and serve.']",10,5
Black Chana Masala,Kala Chana,medium,30155,3.6,18.0,4.0,['VEGETARIAN'],"['175g dried black chickpeas (400g tin cooked chickpeas)', '2 tbsp oil/ghee', '1 tsp cumin seeds', '1 large onion, finely minced', '5cm piece ginger, minced', '4 garlic cloves, minced', '1–2 green chilis, minced', '200g chopped tomatoes tinned/fresh', '1 tsp salt', '1 tsp chilli powder', '½ tsp turmeric', '1 tsp kasoori methi (fenugreek leaves)', '1 tsp coriander powder', '1 tsp garam masala', 'Handful coriander chopped', 'Juice of 1 lemon']","['Wash the dried black chickpeas and soak in 1.5L of water overnight or in boiling water for a minimum 6 hours.', 'Drain the chickpeas and rinse in fresh water.', 'Heat oil in a pressure cooker and add cumin seeds. When they become aromatic add the finely chopped onions.', 'Saute until they are golden brown then add garlic and stir for a minute or two.', 'Pour in the tomatoes then add in the ginger and chillies. Mix together until the tomatoes start to break down and the masala thickens a little.', 'Stir in the salt, chilli powder, turmeric, kasoori methi, coriander powder and mix well.', 'Once the tomatoes have broken down a little, the spices and onions have melted together to create a thick paste add the black chickpeas and 750ml water.', 'Put the lid on the pressure cooker and cook under high pressure for 30 minutes. If you are doing this on the stove top in a regular pan this will take about 2 hours to cook.', 'After 30 minutes, let the pressure release before opening. Check the chana is cooked and tender – these do stay a little harder than white chickpeas.', 'Bring to a simmer and if you want more of a gravy you can add water and let it simmer for a while.', 'Once you are happy with the consistency add the garam masala and fresh coriander. I like to squeeze in some lemon juice too before serving.']",20,40
Black Lentil and Split Chickpea Dhal,Mahaar Chole di Dhal,medium,57420,3.7,39.0,4.0,['VEGETARIAN'],"['100g split chickpeas (chana)', '100g urid beans, washed and checked for stones', '1L water', '1 tsp salt']","['Put the lentils in the pressure cooker and add 1L of cold water.', 'Add 1 tsp of salt put the lid on the pan and bring to the boil. Let the pan come to temperature and whistle once, then reduce the heat and leave to simmer for 30 minutes. After this time remove from the\xa0heat and leave the pan to cool - DO NOT REMOVE THE LID.']",10,40
Brown Masala Sauce,Daag,medium,81062,3.8,58.0,8.0,['LACTOSE-FREE'],"['2 tbsp of oil', '4\xa0onions, finely diced', '6 cloves of garlic, finely chopped', '800g plum tomatoes', '8cm piece of fresh ginger, grated', 'salt to taste', '1½ tsp turmeric', 'Handful of coriander stalks, finely chopped', '3 fresh green chillies, finely chopped', '½ tsp chilli powder', '2 tsp of garam masala', 'Handful of coriander leaves, chopped']","['Heat oil in a pan and add the onion. Fry on a high heat for a few minutes then reduce the heat and cook gently.', 'Add the finely chopped garlic and continue to cook gently for at least 30 minutes until the onions turn a really dark golden brown.', 'Once brown and caramelised\xa0add the tomatoes, ginger, salt, turmeric, coriander stalks and chopped chillies and chilli powder.', 'Let the onions, tomatoes and spices melt together creating a thick aromatic masala paste. This will take about 5-10 minutes so be patient!', 'This masala can then be used for your dish or you can cool it down and freeze it in tubs. Just defrost as and when needed.']",10,40
Caribbean Chicken Curry Stew,Chicken Stew with Burnt Sugar,hot,14149,3.8,17.0,4.0,['LACTOSE-FREE'],['1 whole chicken or 8 pieces of chicken on the bone'],"['Prep your chicken by cutting it into thigh, drumsticks, wings and breasts into pieces leaving the skin on.', 'Mince the ginger, garlic, salt, black pepper, green part of the spring onion, parsley, coriander and scotch bonnet (if using) but you can opt for a milder chilli if you prefer.', 'Marinade your chicken with the skin on for approx. 3 hours', 'Heat a pan with the oil and add the sugar. Let it melt until it starts to bubble and goes dark in colour.', 'It will turn frothy and look almost burnt, then stir in the curry powder.', 'Once sizzling and aromatic place the marinated chicken into the pan to brown. You may have to do this in batches. Let it darken and crisp.', 'Pour in the water or stock to cover the chicken and add a bay leaf, 2 sprigs of thyme a whole scotch bonnet and bring to the boil.', 'Reduce to a simmer and leave to cook for 30 minutes.', 'Stir in a shot of rum and simmer for another few minutes.', 'The chicken should be fragrant and falling away from the bone.', 'Slice the onion whites and sprinkle over the chicken - serve with some rice and peas.']",10,30
Cauliflower Shorba,Cauliflower Soup,mild,32101,3.8,27.0,4.0,['VEGETARIAN'],"['2 tbsp oil', '1 bay leaf', '6 cloves of garlic, sliced', '1 green chilli', '1 tsp salt', '1 small cauliflower, chopped', '750ml water', '1 tsp cumin, roasted and roughly crushed']","['Heat oil and add a bay leaf. Stir in the garlic and sauté until brown.', 'Roughly chop the chilli and add to the pan.', 'Add the chopped cauliflower and salt then cover with the water and bring to the boil. (You could use a stock.)', 'Leave to simmer for about 20-30 minutes until the cauliflower is soft.', 'Remove the bayleaf and blitz the soup in a liquidiser.', 'Return to the stove and simmer for 5 minutes.', 'Serve in small bowls topped with a sprinkling of roasted cumin seeds.']",10,30
Chana Masala,Tea-Infused Chickpea Curry,medium,64990,3.5,76.0,6.0,['VEGETARIAN'],"['300g dried chickpeas (or 400g tin of cooked)', '1 black tea bag', '4cm piece ginger', '2 green chillies', '2 medium tomatoes', '1 tbsp rapeseed oil', '2 medium onions, thinly sliced', '3 cloves of garlic, sliced', '1 tsp Kashmiri chilli powder', '1 tsp coriander powder', '2 tsp cumin seeds', '2 tsp pomegranate powder', '½ tsp black salt', 'salt to taste', '½ tsp garam masala', '1 tbsp lemon juice', 'Fresh coriander, roughly chopped for garnish', '1 tsp chaat masala']","['Soak the dried chickpeas in about 1.5L of water overnight.', 'Drain and place in a large saucepan with fresh water. Add\xa0the\xa0tea bag and bring to a boil.\xa0Reduce the heat and leave them to simmer for 1½ hours until the chickpeas are tender.', 'Drain, discard the tea bag but keep the cooking liquid.', 'Mash a few of the chickpeas with a potato masher.']",10,30
Chapli Kebabs,Tangy Beef Patties,medium,67920,4.0,42.0,4.0,['LACTOSE-FREE'],"['500g ground beef', '4 tbsp whole wheat flour', '1 medium onion, finely chopped', '1 tsp chilli powder', '1 tsp cumin seeds', '1 tsp garam masala', '1 tsp salt', 'Handful fresh coriander, chopped', '2 green chillies, finely chopped', '1 tbsp coriander seeds, crushed', '1 tsp anardana\xa0(pomegranate seeds)', '2 medium tomatoes,chopped', 'Oil for frying']","['Place the minced beef into a bowl.', 'Crush the coriander, cumin and anardana seeds in a pestle and mortar or in a spice grinder and add to the bowl.', 'Sprinkle in the flour and add the chopped onions, chopped chillies, tomatoes, coriander, garam masala, salt and chilli powder.', 'Mix ingredient to combine all the flavours and form the mixture into flat patties about 1cm thick.', 'Heat the oil in a pan and shallow fry them for about a minute then turn them over. Once cooked through place on some kitchen roll and serve with fresh naan, a red onion salad and yoghurt.']",10,10
Chicken Balti,Chicken Balti,hot,285630,3.4,527.0,4.0,['LACTOSE-FREE'],"['3cm ginger', '6 garlic cloves', '2 tomatoes, quartered', '1½ tsp garam masala', '1½ tsp cumin seeds, crushed', '1 tbsp coriander seeds, crushed', '1 tsp turmeric', '1 tsp Kashmiri chilli powder', '1 tbsp full-fat Greek yogurt', 'Salt, to taste', '2 tbsp rapeseed oil', '1 tsp brown mustard seeds', '1 bay leaf', '1 onion, finely chopped', '6–10 whole green chillies, (reduce if this is too many for you)', '500g boneless chicken thigh fillets, cut into bite-size chunks', 'Black peppercorns, freshly ground', '1 tbsp lemon juice, or to taste', 'Large handful of finely chopped, fresh coriander leaves']","['Blend together the ginger and garlic in a pestle and mortar or blender and set to one side.', 'Grind the cumin and coriander seeds and set to one side.', 'Blend the tomatoes to a paste and stir in the ground spices, garam masala,\xa0turmeric, Kashmiri chilli powder, yoghurt and salt.', 'Heat the oil in a non-stick saucepan (or karahi if you have one) and add the mustard seeds.', 'Once the mustard seeds pop, add the bay leaf and chopped onion.', 'Stir and cook on a medium heat. After about 15 minutes add the minced ginger and garlic with the green chillies\xa0for at least 20-30 minutes until the onions are well browned. If the onions catch, add a splash of water and continue to cook the onions.', 'Stir in the blended tomatoes, spices and yoghurt mix. Turn the heat up and stir until the mixture thickens and you are left with a thick masala paste (10-15 minutes).', 'Add the chicken pieces and stir into the thick masala to coat it.', 'Reduce the heat and place the lid on the pan. Leave to cook for about 20 minutes, stirring every now and again.', 'The chicken will produce a lovely thick gravy.\xa0Once the chicken is cooked through you can adjust the consistency of the sauce to your preference. To loosen, just add a little hot water, or to reduce it and make it thicker, cook further on a high flame.', 'Once cooked, add some black pepper and a squeeze of lemon, then check the seasoning.', 'Stir in the chopped coriander and serve.']",20,40
Chicken Burrito,Chicken Chaat Roti,medium,45609,3.4,21.0,4.0,['HEALTHY'],"['260g Roti flour', '½ tsp salt', '2 tsp oil', '50g big handful of spinach', '100ml warm milk']","['Heat water in a pan and add spinach. Blanch for a minute then remove and rinse under cold water.', 'Place the cooked spinach into a blender and add the milk. Blitz to a puree and set to one side.', 'In a bowl, mix flour, salt and oil together. Pour in the spinach and puree a little at a time and knead to make a soft dough.', 'Cover the dough with a damp cloth and leave to rest for 20 minutes.', 'When ready to cook, heat your tava or frying pan to a medium heat.', 'Roll out the roti and place on the pan to cook. Once it changes colour a little, turn and cook the other side. Place in a tea towel to keep warm.']",10,20
Chicken Chaat,Tangy Shredded Chicken,hot,82282,4.0,47.0,4.0,['DAIRY-FREE'],"['4 chicken thighs, skinned and trimmed', '3 cloves garlic', '1 tsp salt', '1 tbsp vegetable oil', '1 onion, finely diced', '2 green chillies, finely chopped', '2-4 tbsp tamarind water, or juice from\xa01 lemon', '1 tsp red chilli powder', '1 tsp mango powder (amchoor)', 'Handful of fresh coriander, chopped']","['Place chicken in a pan and cover with water, add the garlic cloves, salt and place on a gentle heat.', 'Cook for about 10 minutes and remove from the water and leave to cool. Retain the water as stock.', 'Heat the oil in a pan and add the onions, cook gently until browned.', 'Add the green chilli, salt to taste and pour in the tamarind water with a little of the stock water from the chicken.', 'Cook gently and let the sauce reduce. Add a little more stock and cook to thicken.\xa0After about 5 minutes add both the chilli and mango powders.', 'Once the chicken has cooled, shred it using two forks and add to the sauce.', 'Stir to coat and leave to cook for a few minutes.', 'Remove from the heat and sprinkle in the garam masala and a handful of fresh coriander.']",10,10
Chicken Salad with Pink Grapefruit and Cumin Dressing,Spicy Chicken Salad,mild,29379,4.1,16.0,4.0,['HEALTHY'],"['4 chicken thighs,\xa0trimmed', '5cm piece ginger', '3 cloves of garlic', '1 pink grapefruit, juice', '1 tbsp oil,', '1 tsp chilli powder', '1 tsp garam masala', 'salt to taste']","['Heat the oven to 180ºC.', 'Cut the chicken into chunks and set to one side.', 'Crush the ginger and garlic in a pestle and mortar and place in a bowl.', 'Squeeze in the\xa0juice from the grapefruit and pour in the oil, chilli powder, garam masala and salt.', 'Mix the chicken to marinade for a few minutes then place onto a baking sheet and cook in the oven for 15-20 minutes until cooked through.', 'Meanwhile, mix the dressing ingredients with juice from half the\xa0grapefruit in a jam jar and shake to mix.', 'With the other half of the grapefruit slice out the segments.', 'Once the chicken is cooked leave to cool.', 'Put the salad leaves into a bowl\xa0and dress with the dressing then place the pieces of chicken onto the salad with the segments of grapefruit.', 'Sprinkle over the mint and coriander and serve.']",10,15
Chole Bhatura,Tangy Chickpeas and Fluffy Bread,medium,32149,3.7,40.0,6.0,['VEGETARIAN'],"['400g tin of chickpeas', '2 black teabags in mug with boiling water poured over', '5cm piece tamarind, soaked in about 100ml boiling water', '1 tbsp ghee', '1 tsp cumin seeds', '2 medium onions, thinly sliced', '4 cloves of garlic, sliced', '4cm piece ginger, grated', '2-3 green chillies, sliced lengthways', '400g tin of plum\xa0tomatoes', '1 tsp Kashmiri chilli powder', '1tsp turmeric', '1 tsp coriander seeds, crushed', '2 tsp cumin seeds, crushed', '½ tsp black salt', 'Salt to taste', '½ tsp garam masala', '1 tbsp lemon juice', '1 heaped tsp amchoor / chaat masala', 'Fresh coriander, roughly chopped for garnish']","['In a heavy-bottomed saucepan, heat the ghee and add the cumin seeds. Once they sizzle and the sliced onions and cook for 5-10 minutes until they turn golden.', 'Stir in the sliced garlic and keep stirring until it starts to change\xa0colour. Add the ginger and sliced chilli.', 'Fry for a minute and then add the tomatoes and tea water before sieving in the tamarind water. Leave this to simmer away and cook down until the tomatoes and onions start to combine to create a thick masala.', 'Add the chilli powder, ground coriander, cumin and turmeric. Stir for a few minutes until the masala is aromatic and thick.', 'Drain the water from the tinned chickpeas and place into the masala. Add a little water and leave to cook on a gentle heat for 5-10 minutes.', 'Sprinkle in the black salt and leave to cook for about 5 minutes.', 'Keep an eye on the pan and stir every few minutes. Add more liquid if required.', 'Check the seasoning and adjust if required. Make sure the chickpeas are nice and soft and the sauce is thick.', 'Add the garam masala and a good squeeze of fresh lemon juice and sprinkle over the amchoor.']",10,20
Corn and Pomegranate Kachumber,Corn and Pomegranate Salad,mild,37660,3.7,31.0,2.0,['VEGETARIAN'],"['300g tin sweetcorn', '¼ of a cucumber, peeled and diced', '2 tomatoes, diced', 'crunchy corn (bought from supermarkets)', 'handful of pomegranate jewels', 'handful of pea shoots']","['Wash the corn and leave to dry.', 'Mix all the dressing ingredients in jam\xa0jar and shake to mix all the flavours together. Set to one side.', 'Place in a bowl the corn with the diced cucumber and diced tomatoes.', 'Sieve\xa0the dressing over the salad and toss it together.', 'Sprinkle in the pea shoots\xa0and finally, sprinkle the crunchy corn and pomegranate on top and serve.']",10,0
Cucumber Raita,Cucumber Yoghurt,,74026,3.1,71.0,4.0,['VEGETARIAN'],"['½\xa0cucumber (more if you want)', '200ml low-fat natural set yoghurt (I also like to use Greek yoghurt)', '1 tsp garam masala', '1 tsp Kashmiri chilli powder']","['Carefully grate the cucumber, leaving the skin on.', 'Either using a cloth or just your hands, squeeze any excess liquid from the cucumber.', 'Once it is drained place in a small bowl.', 'Add the yoghurt and garam masala and stir the cucumber through.', 'Sprinkle the chilli on top to serve.']",5,0
Curried Butternut Squash Soup,50 mins,hot,62855,3.8,59.0,4.0,['VEGETARIAN'],"['1 butternut squash', '1 red onion, chopped', '1 tsp cumin seeds', '2 garlic cloves, chopped finely', '3cm piece ginger, grated', '2 red chillies, chopped (keep some for garnish)', '500ml water or chicken stock', '50ml coconut cream']","['Slice the squash into four long strips, remove the seeds and place on a tray with a little knob of butter on each and roast at 180°C\xa0for about 35 minutes until soft.', 'Meanwhile heat some oil and add cumin seeds until fragrant, then add onions and cook gently until soft.', 'Stir in the garlic and ginger and chilli and cook gently for about 5 minutes.', 'Once the squash is soft scrape the flesh out and discard the skin. Stir the flesh into the onions.', 'Add the stock and cook through until everything is soft (about 5 minutes).', ""Using a hand blender blitz the soup until it's smooth and thick. Pour in the coconut cream and if it's too thick add a little hot water."", 'Pour into bowls and top with a swirl of coconut cream and a chopped chilli. Serve with some crisp naan bread.']",10,40
Dal Bhat,Nepalese Lentil Soup,mild,7533,0.0,0.0,4.0,['VEGETARIAN'],"['2 tbsp ghee or oil', '1 onion, finely chopped', '2 garlic cloves, minced', '5cm piece of ginger, grated', '1 tsp coriander seeds, crushed', '1 green chilli (optional)', '½\xa0tsp red chilli powder', '½\xa0tsp turmeric', '200g red lentils, washed', '700ml water', '1\xa0tsp salt']","['Heat the ghee or oil in a large frying pan and cook the onions until translucent but not brown.', 'Turn the heat to low and add in the garlic, ginger, chopped chilli (if using) crushed coriander seeds, red chilli powder and turmeric. Stir to combine for about 3 minutes or so.', 'Add the red lentils and mix with the onion mixture.', 'Pour thd water in and bring it to a boil, add the salt and reduce heat to a simmer for about 15 minutes or until the lentils are tender.', 'Remove from the heat and stir in the fresh coriander.']",10,20
Dhal Makhani,Buttery Black Lentil Dhal,medium,161617,3.9,78.0,4.0,['VEGETARIAN'],"['100g dry urid dhal (whole black lentils)', '25g dry rajma (kidney beans)']","['Clean, wash and soak the black lentils and kidney beans separately, overnight.', 'Drain and keep aside. Combine the two dhals and add 2 cups of water with a little salt and put into a pressure cooker and cook for about 25 minutes until they are cooked and soft. (DO NOT REMOVE the lid of the pressure cooker until fully cooled and pressure has been released.)', 'Heat the oil in a pan and add cumin seeds.', 'When the cumin seeds crackle, add chopped onions and garlic.', 'Fry the onion until golden brown over a medium flame.', 'Stir in the tomato purée, add the turmeric, chilli powder, ginger, green chillies and crushed coriander.', 'Cook for a few minutes so the onions and tomatoes melt together.', 'Add the cooked dhal and 1 cup of water and season with a little salt to taste.', 'Leave to simmer for 15 minutes until it is lovely and thick. (Take care as it may catch on the bottom of the pan.)', 'Stir in the butter, garam masala and fenugreek to make the dhal rich and delicious.', 'Garnish with a sprinkle of fresh coriander and serve.']",10,30
Easy Chicken Curry,Chicken masala,medium,125120,3.6,174.0,4.0,['DAIRY-FREE'],"['2 tbsp oil', '400g chicken thigh fillets, trimmed and chopped', '2 large onions', '1 tsp salt', '3 cloves of garlic', '3cm fresh ginger', '1 or 2 green chillies', '200g plum tomato tin, pureed', '½ tsp turmeric powder', '½ tsp red chilli powder', '1 tsp garam masala powder', 'Large pinch of fresh coriander, chopped']","['Blend the onions in a food processor.', 'Heat oil in a pan and sauté the onion paste. If it starts to stick, just add a little water and stir.', 'Stir in the salt to help the onions cook.', 'Put the ginger, garlic and chillies into a blender and blend to a paste (add a little water if required)', 'After 10 minutes of cooking the onions they should have browned a little. Now stir in the garlic, ginger and chilli paste.', 'Once softened add the pureed tinned tomatoes and increase the heat until the tomatoes start to simmer.', 'Reduce the heat and add the turmeric, chilli powder and garam masala. Cook together until the tomatoes and onions start to break down and the masala dries up and becomes paste-like.', 'Add chicken pieces into the masala. Stir well and cook for a few minutes. Reduce the heat to the lowest setting and put the lid on the pan. Leave to cook for about 15-20 minutes, stirring intermittently.', 'The chicken should be cooked through. To add a little more gravy pour in some hot water and stir before removing from the heat.', 'Check the seasoning and adjust if you need to. Sprinkle in the coriander and stir.', 'Serve with plain rice or roti.']",10,30
Fennel and Seafood Salad,30 mins,mild,25739,4.8,13.0,4.0,['LACTOSE-FREE'],"['200g raw prawns', '½ tsp chilli powder', 'salt to taste', '200g raw squid', '½ tsp turmeric', '1 fillet of salmon, skinned and chopped into chunks', '½ tsp chaat masala', 'salt', '1 bulb of fennel', '1 ripe nectarine, sliced', 'handful\xa0fresh coriander, chopped']","['Sprinkle the chilli powder and salt on the prawns and griddle or fry in a pan until cooked through and set to one side.', 'Sprinkle the squid\xa0with the turmeric and salt and fry until cooked through.', 'Coat the fish with the chaat masala and place on an oven tray and cook at 180C for 5 minutes.', 'Slice the fennel very finely and sprinkle\xa0with a little oil and griddle.', 'Mix all the ingredients for the dressing and leave to one side.', 'Place fennel into a bowl and sprinkle with coriander leaves, the cooked seafood and then pour over the marinade and toss together.', 'Slice the nectarine and place into the bowl and serve.']",20,20
Fennel and Tomato Shorba,Fennel and Tomato Soup,medium,21093,4.5,20.0,4.0,['VEGETARIAN'],"['2 tbsp oil', '1 tsp fennel seeds', '5 cloves of garlic, sliced', '2 green chillies', '1 tsp salt', '400g ripe tomatoes, roughly chopped', 'fresh coriander, 1 handful', 'approx 750ml water', '1 tsp fennel, roasted and roughly crushed for the garnish']","['Heat oil and add the fennel seeds, when they sizzle add the garlic and cook until it starts to brown.', 'Throw in the whole green chillies and the salt.', 'Add the chopped tomatoes and increase the heat to start them cooking.', 'Pour over enough water to just cover the tomatoes and bring to a boil then add in the coriander.', 'Leave it to simmer for 15-20 minutes.', 'Blitz with a hand blender until smooth.', 'Return to the stove for 5 minutes then pour into serving bowls or cups.', 'Sprinkle with roasted fennel serve.']",10,20
Goan Fish Curry,Goa di Machchi,hot,222310,3.2,235.0,4.0,['LACTOSE-FREE'],"['600g skinless white fish fillets, chopped into chunks']","['Mix the salt, lemon juice and turmeric powder and rub over the fish chunks and leave to marinate for 30 minutes.', 'Soak the dried chilli in 250ml of warm water for 15 minutes. Drain and reserve the water.', 'Make up the spice paste by placing the soaked chillies, coconut, coriander seeds, chopped onion, cumin seeds, turmeric powder, garlic, tamarind extract and two tablespoons of the reserved soaking water in a blender and process to make a smooth paste.', ""Heat oil in a shallow wide based pan and add the sliced onion and fry to soften - do not brown. Add the spice paste and cook until golden brown. You may need a splash of water to ensure the paste doesn't burn."", 'Once aromatic stir in the tomato purée and fresh chillies and cook for a further five minutes.', 'Add water (or coconut milk if you prefer) to create a lovely sauce, bring to the boil and cook for a few more minutes.', 'Reduce the heat and gently place the marinated fish with any juice into the pan and cook for between five and seven minutes until the fish is soft.', 'Sprinkle with coriander to serve.']",30,20
Gol Guppa,Pani Puri,medium,84891,4.2,24.0,6.0,['VEGETARIAN'],"['200g fine semolina', '4 tbsp plain flour, plus some for dusting', 'Salt, pinch', 'Black pepper, pinch', '130ml sparkling water', 'Vegetable oil for frying']","['To make the puris, place the semolina, flour, a pinch of salt and pepper into a bowl, and gradually add the sparkling water.', 'Stir continuously until the mixture comes together and forms a soft dough. Place into a bowl that has been dusted with flour and cover with a damp tea towel for about 30 minutes.', 'Place a large, deep pan or a wok on a gentle heat and pour in the vegetable oil and allow it to get really hot.', ""Separate the dough into 4 bits and roll it out so it's thin (about 1mm thick). Using a 5cm cutter cut out as many circles as you can. Or take small grape sized balls of the puri dough and roll into a ball with your hands. On a floured surface roll it out to make thin, flat circles, about 5-6cm across."", ""To test if it's hot enough, drop a tiny piece of dough into the pan – if it floats to the surface and starts to sizzle, it's ready."", ""Very gently slide in one circle of puri dough and fry for 2 to 3 minutes. Then using your spoon to push them under the oil, then carefully flip them over and continue cooking for 1-2 minutes, until it's golden and crisp. Transfer to a kitchen paper to drain, and repeat with the remaining dough.""]",40,15
Green Chilli Sauce,Hot Green Sauce,hot,110923,3.5,58.0,,['VEGETARIAN'],"['100g large green chilli\xa0(mild)', '100g rocket green chilli\xa0(hot)', '175ml white vinegar', '2 tsp cumin seeds', '5 cm root ginger', '1½ tsp salt', '2 pinches asafoetida', '3 tbsp oil']","['Put some kitchen gloves on and wash the green chillies. Remove the stems and cut it into large chunks.', 'Wash the ginger and cut it into small bits.', 'Heat oil in a pan then add the cumin seeds and asafoetida until fragrant.', 'Add the green chillies and ginger to the pan stir in the salt and cook for 2 minutes.', 'Pour in 70ml water and put the lid on the pan - leave to cook for about 15 minutes on a gentle heat stirring occasionally.', 'Once soft (after about 15 minutes) take the lid off and leave to reduce for a few minutes then remove from the heat and leave to cool.', 'Pour into a blender and blitz. Pour in the vinegar a little at a time and blend.', 'Once ready store the chilli sauce in a clean, dry jar. This will keep for 2-3 months.']",5,20
Gurkha Chicken Curry,Nepalese chicken curry,mild,21503,3.0,93.0,4.0,['WHEAT-FREE'],"['5 green cardamom pods', '1 tsp fennel seeds', '1 tbsp ginger, roughly chopped', '3 garlic cloves, roughly chopped', '150g Greek yoghurt', '8 pieces of chicken, thigh and drumsticks skinned', '2 tbsp rapeseed oil', '2 onions, sliced', '2 tsp cumin seeds', '4 cloves', '7cm stick of cassia bark', '2 bay leaves', '1 tsp turmeric', '½ tsp mace, ground', '¼-1 tsp Kashmiri chilli powder', '4 medium tomatoes, chopped']","['Toast the cardamom pods with the fennel seeds until fragrant. Remove from the pan and let them cool.\xa0 Crush with a pestle and mortar and remove the husk.', 'Add the ginger and garlic to the pestle and mortar and bash the to make a paste.', 'Put the yoghurt into a large bowl and add the spice paste with the salt and stir to combine everything.', 'Add the chicken and coat it all over, leave it to mariante for at least 2 hours.', 'When you are ready to cook heat the oil in a large oven-proof pan.', 'Remove the chicken and scrape off the excess marinade back into the bowl, reserve this for later.', 'Add the chicken to the pan and fry for 5 minutes on one side until brown, then turn it over and cook for another 4-5 minutes.', 'Remove the chicken from the pan and set to one side.', 'Add a little more oil and add the cumin seeds, cloves, bay and cassia bark to the pan. When the spices are fragrant add the onions and saute for about 10 minutes until they turn golden brown.', 'Add the turmeric, mace and chilli powder and cook for a further 1 minute.', 'Add water (approx 250ml) to the pan and simmer for 2-3 minutes until it’s reduced.', 'Mix the chopped tomatoes in with the remaining marinade and add it all to the pan.', 'Stir and then add the chicken back to the pan. Simmer on a low heat for 40 minutes or place in the oven at 180ºC for the same amount of time.']",130,60
Halibut with Indian spices,1 hr 16 mins,medium,90434,3.7,63.0,4.0,['LACTOSE-FREE'],"['2 tsp cumin seeds', '2 tsp coriander seeds', '2 tsp fennel seeds', '4 cloves', '1 tsp turmeric', '½ tsp chilli powder (add more for more heat)', '4 halibut fillets or steaks (approx 140g each)', '1-3 tbsp mustard oil']","['In a dry cast-iron pan, toast the cumin, coriander, fennel, and cloves over medium heat until fragrant, about two minutes. Leave to cool for a few minutes.', 'Transfer to a spice grinder or a mortar and grind to a fine powder. Put the ground spices in a small bowl and add the turmeric and chilli powder.', 'Lay the halibut on a baking sheet and season with salt and pepper. Drizzle with the mustard oil. Sprinkle the spice mixture over the fish, then massage it in. Cover and refrigerate for an hour. Bring the fish to room temperature before cooking.', ""Fry the halibut for 3 minutes on each side, until it's just opaque throughout. You can also cook the fish under a grill or baked it in the oven at 180°C for 10 minutes.""]",10,6
Indian Slaw,Spiced Coleslaw,medium,18140,4.0,16.0,4.0,['VEGETARIAN'],"['2-3 medium carrots, peeled and coarsely shredded', 'half a white cabbage, cored and finely shredd', '1 red onion, halved and finely sliced', '3 tbsp Greek yogurt', '2 tbsp mayonnaise', 'Juice of half a lemon,', '½-1 red chilli (or to taste),\xa0finely sliced', '½ tsp cumin seeds, toasted', '½ tsp Kashmiri chilli powder', '1 tsp turmeric', '½ tsp salt (or to taste)', 'handful of fresh coriander, chopped', '40g cashews, toasted']","['In a large bowl, mix the carrots, cabbage and onion.', 'Toast the cumin seeds in a dry pan until aromatic and keep to one side', 'Toast the cashew nuts until golden and set a side.', 'Mix the yogurt, mayonnaise, lime juice, chopped chilli, toasted cumin seeds, turmeric, chilli powder, salt and tip into the shredded veg mix. Stir to mix everything together.', 'Stir in half the coriander and half the cashews. Top with remaining coriander and cashews just before serving.']",10,0
Indian Summer Greens,20 mins,mild,50226,3.6,60.0,6.0,['VEGETARIAN'],"['1 tbsp butter', '1 tsp cumin seeds', '½ tsp mustard seeds', '4 green chillies, finely chopped', '4cm piece root ginger', '½ tsp turmeric', '500g summer greens, shredded', '100g peas / blanched broad beans', '1 lemon', '2 tbsp coconut, grated', '1 tsp garam masala']","['Heat the butter in a large non-stick pan or wok, sizzle the cumin and mustard seeds until fragrant, then add the chilli, ginger and turmeric.', 'Fry until aromatic, then add the greens, a pinch of salt, a splash of water and the peas or broad beans.', 'Cook for 4-5 mins until the greens have wilted.', 'Add a squeeze of lemon juice, garam masala and the coconut, then toss everything together to serve.']",10,10
Jamaican Chicken Curry,Chicken Curry,medium,12179,3.4,22.0,4.0,['LACTOSE-FREE'],"['1 whole chicken, cut into pieces or 8 pieces of chicken on the bone, skinned', '1 tsp salt', '1 tsp ground black pepper', '1 tsp all purpose seasoning', '1 tsp chicken seasoning', '1 tsp curry powder', '2 tbsp vegetable oil', '3 spring onions', '1 medium onion', '4 springs of fresh thyme', '3 garlic cloves', '1 whole scotch bonnet pepper', '2 tsp curry powder', '1 large carrot, 5cm chunks', '2 potatoes, 5cm cubes']","['Mix the marinade ingredients and rub all over the chicken pieces, leave to one side for a couple of hours.', 'Heat vegetable oil in a saucepan over medium heat, adding garlic, onion, spring onion and scotch bonnet pepper and stir for 3 minutes.', 'Add 2 tsp of curry powder and cook for further 5 minutes.', 'Add marinated chicken and brown for 10 minutes, turning chicken and browning for a further 5 minutes.', 'Add carrots and potato with a cup of water and cook through until the vegetables are tender.']",10,30
Jeera Chaul,Cumin and Pea Rice,,67651,4.1,29.0,4.0,['VEGETARIAN'],"['1 tbsp oil', '1 tsp cumin seeds', '1 small onion, finely sliced', '200g/1 mug Basmati rice', '50g frozen peas', '500ml/2 mugs full, cold water']","['Wash the rice until the water runs clear. I do this by covering the rice with water and running my hand through it, pouring the starchy water away then refilling with cold water and repeating until the water runs clear. Strain in a sieve and leave.', 'In a wide based pan heat the oil and add the onions and fry until translucent.', 'Add the whole cumin seeds. When they sizzle and become fragrant stir in the frozen peas', 'Add the washed rice, stir to coat with the oil then pour in 500ml of water (twice the amount of water to rice).', 'Bring the water to a vigorous rolling boil, reduce the heat to the lowest setting and place the lid on the pan.', 'Leave to cook for 12 minutes do not remove the lid - be patient!', 'After 12 minutes remove from the heat and take the lid off. Leave to sit for a couple of minutes. All the water will all be absorbed and the rice will be light and fluffy.', 'Gently fork through the rice (never dive straight in) and serve.']",10,15
Jeera Pani,Cumin soda water,none,30233,3.9,13.0,6.0,['VEGETARIAN'],"['Handful of mint leaves', '2 litres soda water', '1 tsp toasted ground cumin', '½ tsp ground black pepper', 'Juice of 2 limes', 'Good pinch of sea salt', '1 heaped tbsp sugar']","['Bash the mint leaves between your palms to release their flavourful aroma, then place in a jug with the soda water, cumin and black pepper.', 'In a dish or using a pestle and mortar, mix together the lime juice, salt and sugar until the sugar has dissolved.', 'Add the sugar mixture to the soda water, stir until well combined (or use a blender if preferred) and serve, with or without ice, in long glasses on hot days.']",5,0
Jeera Raita,Cumin Yoghurt,mild,30977,3.6,7.0,4.0,['VEGETARIAN'],"['200ml natural set yoghurt', 'A splash of milk', '1 tbsp cumin seeds', '½\xa0cucumber, cubed', '1 large tomato, cubed', '½\xa0red onion, very finely diced', '½\xa0tsp salt', '1 tsp chilli powder', '1 tsp garam masala', 'Coriander to garnish']","['Heat a non-stick frying pan, add the cumin seeds and dry roast gently.', 'Stir until they turn a shade darker and release their musky aroma.', 'Remove and crush the seeds in a pestle and mortar.', 'Put the yoghurt in a large bowl and add enough milk to get a runny consistency.', 'Add the chopped tomatoes, cucumber, onion, salt and cumin.', 'Stir together. Sprinkle on the chilli powder and garam masala.', 'Garnish with coriander sprigs and refrigerate until required.']",5,5
Kachumber Salad,"Tomato, Onion and Cucumber Salad",medium,50816,3.2,75.0,4.0,['VEGETARIAN'],"['1 small red onion', '½\xa0cucumber', '1 tomato', 'Fresh coriander leaves', '1 lemon', '1 tsp salt', '½ tsp garam masala']","['Cut the onions, cucumber, tomato into a very fine dice and place into a bowl.', 'Finely chop the coriander and place into the bowl.', 'Squeeze in the lemon and sprinkle in the salt and garam masala - stir and serve.']",20,0
Kale and Chickpea Curry,Sholay Saag,medium,221740,3.6,248.0,4.0,['VEGETARIAN'],"['1-2 tbsp rapeseed oil', '½ tsp mustard seeds', '1 tsp cumin seeds', '1 large onion, diced', '4 garlic cloves, crushed', '4 plum tomatoes or 200g tinned tomatoes', '800g/2 tins of chickpeas,\xa0drained and rinsed', '1 tsp salt, or to taste', '1 heaped tsp coriander seeds, crushed', '1 green chilli, chopped', '1 tsp red chilli powder', '1 tsp turmeric', '200g kale, chopped', '1 green chilli, sliced for garnish']","[""Heat the oil in a lidded pan over a medium heat and when it's hot add the mustard seeds and then the cumin seeds."", 'Stir for a minute until you can smell the aroma of the cumin seeds and the mustard seeds stop sizzling, then add the diced onions.', 'Fry the onions for 15 minutes until they start to brown, then add the garlic. Fry together for 4 minutes before adding the tomatoes, stir and leave to cook for a few minutes. Add a little water if required.', 'Add the crushed coriander, green chilli, chilli powder, turmeric and salt and leave to cook on a gentle heat until the\xa0tomatoes start to break down and create a thick masala sauce (about 10 minutes).', 'Turn the heat up to thicken the sauce a little if required.', 'Add the chickpeas and stir to coat them with the masala. Add a splash of water and let them\xa0simmer for 5 minutes.', 'Add the chopped kale, a handful at a time, stirring in between. Leave this to cook for 5 minutes until kale is soft and tender. Top with the sliced chilli and serve with\xa0poori\xa0with some fresh plain yoghurt.']",5,25
Kasundi Halibut with Cumin Kale Crisps,Halibut with mustard and mango sauce and kale crisps,medium,16307,4.8,8.0,4.0,['LACTOSE-FREE'],"['4 pieces of chunky halibut or white fish', 'Juice from 1 lemon', '1 tbsp mustard paste', '1 garlic clove, crushed', '1 tsp cumin seeds, crushed', '½ tsp salt', '½ tsp turmeric', '¼ tsp chilli powder', '1 tbsp rapeseed oil']","['Combine all the ingredients except the halibut in a wide bowl so they are mixed together to form a yellow mixture', 'Coat the pieces of fish with the mixture and leave to marinade for as long as possible', 'To cook the fish, heat a drizzle of rapeseed oil in a non-stick frying pan. Once smoking, place fish in the pan reduce the heat and cook for 4-5 minutes. Turn it over and cook for a further 4 minutes until cooked through.']",10,10
Kati Egg Roll with Basmati & Quinoa,Spiced rice tucked into a kati egg roll,mild,7405,5.0,3.0,4.0,['HEALTHY'],"['100g\xa0Brown Basmati rice (or use left over rice)', '20g Quinoa', '1 tbsp Rapeseed oil', '1 tsp cumin seeds', '1 onion, sliced', '1 clove of garlic, chopped', '4 mushrooms, chopped', '½ tsp salt', '1 fresh green chilli, chopped', '2 tomatoes, chopped', 'Handful of spinach', 'Large pinch of coriander', '1 tsp garam masala', '2 tsp chaat masala', '100g grated paneer']","['Wash the quinoa and rice then add to a pan of boiling water simmer gently for 25 minutes.', 'Drain well and cover for a few minutes.', 'Heat oil in a pan and add the cumin seeds until the sizzle. Stir in the sliced onion and cook for 2-3 minutes until translucent then add the garlic and cook for 3-4 minutes.', 'Add the chopped mushrooms and cook for a few minutes with salt and chilli.', 'Add the tomatoes and cook to a paste before adding the spinach.', 'Stir in the cooked rice and add 1 tsp of garam masala, the chopped coriander and the paneer. Check the seasoning and set to one side.', 'Heat a non-stick frying pan and add the oil.', 'Whisk the eggs in a wide bowl and add garam masala, chilli powder and salt.', 'Dip in one tortiila wrap and place into the frying pan on a gentle heat and cook until crisp.', 'Gently place the wrap onto a plate and fill with the cooked rice and roll it up. Serve with pickle and yoghurt.']",35,10
Kedgeree,Spice rice with smoked fish,mild,70038,3.9,45.0,4.0,['LOW-CALORIES'],"['2 large free-range eggs', '700g smoked haddock fillets, boned', '2 fresh bay leaves', '170g basmati rice', 'salt to taste', '½\xa0tbsp ghee', '3cm piece fresh ginger, grated', '1 bunch of spring onions, finely chopped', '1 clove garlic, peeled and finely chopped', '1 tsp cumin seeds, crushed', '½\xa0tsp turmeric', '2 tsp mustard seeds', '2 tomatoes, finely chopped', 'juice of 2 lemons', '2 good handfuls fresh coriander, chopped', '1 fresh red chilli, finely chopped']","['Boil the eggs for 10 minutes, then hold under cold running water.', 'Put the fish and bay leaves in a shallow pan with enough water to cover. Bring to the boil, cover and simmer for about 5 minutes, until cooked through. Remove from the pan and leave to cool. Remove the skin from fish, flake into chunks and set aside.', 'Cook the rice in water for about 10 minutes and drain. Fork through and leave to cool leave in the fridge until needed.', 'Melt the ghee in a pan over a low heat and add the mustard and cumin seeds.', 'Stir in the ginger, onion and garlic. Soften for about 5 minutes, and add the turmeric, salt and chilli. Cook for a further few minutes, then add the chopped tomatoes and lemon juice.', 'Stir in the cooked rice and heat through then add the fish. Once piping hot remove from the heat and add the fresh coriander.', 'Slice the eggs into quarters and place on top of the rice to serve.']",10,20
Keema Burrito,Keema Roti Roll,medium,26421,4.0,15.0,4.0,['HEALTHY'],"['250g Roti flour', '½ tsp salt', '2 tsp Rapeseed oil', 'water']","['In a bowl or stand mixer, mix flour, salt and oil together. Knead to a soft dough.', 'Cover the dough with a damp cloth and leave to rest for 20 minutes.', 'When you are ready to cook, heat your tava or frying pan to a medium heat.', 'Roll out the roti and place on the pan to cook. Once it changes colour a little, turn and cook the other side. Place in a tea towel to keep warm.']",10,20
Kukul Mass,Sri Lankan Chicken Curry,hot,15626,3.7,13.0,4.0,['LACTOSE-FREE'],['8-10 chicken pieces (thighs and drumsticks - skin on)'],"['In a pan toast the cumin, coriander, fennel and black peppercorns. If you don’t like using whole spices you can also add the cardamom, cloves, and cassia at this stage rather then in step 4.', 'Grind everything in a spice grinder to a powder. Add turmeric and paprika to the ground spices and mix well to combine.', 'Sprinkle the spice mix over the chicken and set to one side.', 'Heat the coconut oil in a wide pan and add the cardamom pods, cloves, dried red chillies, cassia bark or just the curry leaves if you added the whole spices in step 1. Fry for a minute then add the diced onion and cook until golden.', 'Stir in the garlic, ginger and chopped chillies - cook for a few minutes. Let it catch a little on the bottom and then if you are using tomatoes you can add them now. Stir to break them down (I prefer this recipe without tomatoes).', 'Add the chicken to the pan and coated with the onions then sprinkle in 1 tsp salt and kewra water (if using).', 'Add the coconut milk, the bruised lemongrass, cover and cook on a low heat for 40–50 minutes.', 'Toast the coconut shavings until golden and sprinkle over the curry to serve.']",10,50
Lamb Jalfrezi,Lamb with Peppers,hot,186763,3.3,159.0,4.0,['LACTOSE-FREE'],"['400-600g lamb shoulder, trimmed and chopped']","['Heat oil in a pan, add the cumin seeds, chilli and garlic and fry until lightly browned.', 'Add the chopped tomatoes, salt and turmeric then cook so the tomatoes break down to make a lovely thick gravy.', ""Add the lamb and stir to coat the pieces. Reduce the heat and place the lid on the pan and leave to cook for 30-40 minutes on a low heat until it's soft and tender."", 'In a separate pan heat some oil and add the cumin seeds, once fragrant stir in the chunky onions and peppers, tomato and the chilli then stir fry. You can cook these as much or as little as you like. I prefer mine with a bit of a crunch.', 'Stir in the garam masala for added body and depth.', 'Once the lamb is cooked and the sauce has reduced stir in the garam masala fried vegetable mix.']",20,40
Lemon Masala Chicken,Lemon Chicken Curry,medium,22441,3.1,47.0,4.0,['LACTOSE-FREE'],"['8 pieces of chicken on the bone, skinned or thigh fillets']","['Put the chicken into a large bowl and sprinkle with the chilli powder, turmeric, garam masala, ground coriander, black pepper, salt, lemon juice and stir to coat. Leave for 10 minutes.', 'Heat 1 tbsp oil and add cumin seeds until they sizzle.', 'Add the sliced onion and stir through until they start to colour and turn golden.', 'Add the garlic and then stir in the ginger and all the chillies.', 'Add the curry leaves then add the chicken pieces and coat with the mixture on a high heat to seal the meat.', 'Reduce the heat to low add the two slices of lemon and place the lid on the pan. Leave to cook for about 20-40 minutes (depending on the meat you use).', 'Stir every now and again until it’s cooked through and the chicken is coming away from the bone.', 'Remove from the heat and squeeze in the lemon, sprinkle with coriander and serve.']",10,30
Lemon Rice,Nimbu Chaul,medium,104745,4.3,40.0,4.0,['VEGETARIAN'],"['4 tbsp vegetable oil or 2tbsp coconut oil', '1 tsp mustard seeds', '7-10 curry leaves', '3 green chillies', '1 tsp salt', '½\xa0tsp turmeric', '2 tbsp peanuts or\xa0cashew nuts', '2 lemons', '200g Basmati rice']","['Wash the rice until the water runs clear.', 'In a wide based pan add the washed rice, pour in 500ml of water (twice the amount of water to rice). Bring the water to a rolling boil, reduce the heat to the lowest setting and place the lid on the pan. Leave to cook for 12 minutes.', 'Remove from the heat, very gently fork through it and leave to cool.', 'In a separate pan heat the oil and add the mustard seeds. As they begin to splutter add the peanuts or cashews and fry to a golden brown colour. Add the turmeric powder, the curry leaves, green chillies and salt - fry for a minute.', 'Remove from the heat and stir into the rice.', 'Squeeze in the juice from the lemon and mix through carefully until all the rice is beautifully bright yellow.']",30,10
Maacher Jhol,Bengali Fish Curry,medium,54701,4.0,20.0,4.0,['LACTOSE-FREE'],"['4 large fish steaks (Kingfish, Salmon, Halibut)', '1 tsp turmeric powder', '½ tsp salt', '3 tbsps mustard oil', '10 minature potatoes', '1 large bay leaf', '5 green cardamom pods, bruised', '1 tsp cumin seeds', '1 tsp mustard seeds', '1 large onion', '5 cm ginger, crushed', '3 garlic cloves, crushed', '1 fresh chilli, finely chopped', '2 tomatoes, finely chopped', '½\xa0tsp turmeric powder', '1 tsp coriander seeds, crushed', '2 tbsps Greek yogurt', '2 green chillies, sliced lengthways', 'handful of fresh, green coriander, finely chopped']","['Wash the fish and pat dry with some kitchen paper. Place onto a dish and sprinkle with turmeric powder and salt. Rub this into the fish and set aside for 30 minutes.', 'In the meantime blitz the onion to get a paste.', 'When the fish has marinated, heat the mustard oil in a pan and fry the pieces of fish until each one is golden on both sides.\xa0Be gentle with the fish while it cooks then set to one side.', 'Use the same oil or add more if required and fry the potatoes until they are golden. Drain on kitchen towel and set to one side.', 'If needed add a little more oil and heat on medium heat. Add the\xa0bay leaf, cardamom pods and cumin seeds.', 'Once fragrant add the onion paste with the crushed ginger and garlic and fry for about 10 minutes.', 'Just as they turn golden in colour add the tomatoes, turmeric powder, crushed coriander seeds and chopped chillies.', 'Stir until fragrant then spoon in the yogurt and mix well.', 'Fry this for about 10 -15 minutes until it becomes shiny the add 1 or 2 cups of hot water.', 'Stir in the fried potatoes and bring the sauce to a boil. Reduce the heat and leave the potatoes simmering to cook through.', 'Once they are soft and cooked through add the fried pieces of fish and stir gently.', 'Cook for a few minutes then remove from the heat and sprinkle with the chopped coriander leaves and sliced chillies to garnish. Serve immediately with some plain rice']",5,30
Mackerel Fry,Masala Fried Mackerel,medium,84817,4.0,17.0,2.0,['LACTOSE-FREE'],"['5 black peppercorns', '1 tsp chilli powder', '1 tsp cumin seeds', '1 tsp coriander seeds', '½\xa0tsp turmeric', 'salt to taste', '1 lemon', '3cm piece ginger, crushed', '2 cloves garlic, crushed', '2 whole mackeral', '1 tsbp vegetable oil']","['In a pestle and mortar crush the pepper, cumin, and coriander seeds and place into a bowl', 'Then crush the ginger and garlic and add to the bowl as well.', 'Mix in the chilli, turmeric, salt and juice from the lemon to make a paste.', 'Put slits down the sides of the fish and smear the paste over the fish', 'Cook the fish in a frying pan on a gentle heat for about 4-5 mins on each side', 'Pour the oil over the fish at the end and it will crisp up and serve with a radish salad']",5,10
Mango Kachumber,Mango Salsa,medium,47890,4.4,16.0,4.0,['VEGETARIAN'],"['1 red onion, very finely diced', 'Handful fresh coriander leaves, chopped', '½\xa0red chilli, finely chopped', 'Juice of one lime', '1 large ripe mango, pitted and cubed', '½ tsp kalongi seeds']","['Finely dice the onion, mango.', 'Chop the coriander and chilli.', 'Combine the onion, coriander and chilli in a bowl', 'Add the lime juice, mango cubes and kalongi seeds.', 'Leave to stand for 10 minutes and stir before serving.']",10,0
Mango Lassi,Frozen Mango Yoghurt Drink,none,46882,4.6,12.0,4.0,['LOW-CALORIES'],"['1 mango, peeled, stoned and chopped', '4 tbsp Greek yoghurt', 'Splash of cold milk', '3 tsp of sugar (or to taste)', '1 handful of ice cubes', 'Sprinkle of cardamom powder']","['Put the yoghurt, milk, mango, sugar, ice into a blender and blitz until smooth.', 'Pour the mixture into a tumbler and sprinkle with some cardamom powder.']",10,0
Marrow Curry,40 mins,medium,596269,3.2,1266.0,4.0,['VEGETARIAN'],"['1 tbsp rapeseed oil', '1 tsp cumin seeds', '1 tsp mustard seeds', '1 large onion, peeled and chopped', '2-3 garlic cloves, peeled', '200g tin plum tomatoes', '1 tbsp of fresh ginger, grated', '1-2 green chillies, chopped', '½\xa0tsp turmeric', '½ tsp chilli powder', '1\xa0tsp salt', '1 large marrow (approx 1-1.5kg)', '1 tsp garam masala', 'handful fresh coriander']","['Heat oil and add the cumin and mustard seeds. Once they sizzle and become fragrant add the onions. Fry for about 6-7 minutes until they become translucent and just golden brown.', 'Add the garlic and cook on a gentle heat for a few minutes. In the meantime, wash and chop the marrow into 3-4cm chunks. If your marrow is an older marrow then you may also need to peel it as the skin can be tough. You may also need to remove the seeds and soft central part of the marrow.', 'Add the tomatoes to the pan and stir in the grated ginger, chilli powder, turmeric, salt, and green chilli. Stir for a few minutes until the\xa0masala in thick and shiny.', 'Add the chopped marrow and bring the pan to a simmer. Cover, then turn the heat to low and cook for about 20-30 minutes. Do check and stir occasionally.', 'When the marrow has cooked to the texture you like, remove from the heat and add the garam masala and coriander to serve.']",10,30
Masala Dosa,Crisp Lentil Pancakes,medium,27530,4.6,12.0,6.0,['VEGETARIAN'],"['190g rice', '105g white lentils (split urid with skin removed)', '20g split chana lentils', '1 tsp fenugreek seeds', '1 tbsp oil', '1 tsp salt']","['Wash and soak the lentils, rice & fenugreek seeds in enough cold water to cover the mixture by about an inch.', 'Leave at room temperature for a minimum of 6 hours or overnight.', 'Blend the lentils and rice with some of the water to create a grainy batter. It should be of a pouring consistency with a slightly rough texture. Empty the batter into a bowl and leave to ferment overnight at room temperature (not too cold).']",2880,10
Masala Gosht,Lamb Chop Curry,medium,96424,3.3,112.0,6.0,['GLUTEN-FREE'],"['1 tbsp rapeseed oil', '800g-1kg lamb chops, trimmed', '2 large onions, peeled and roughly diced', '3cm piece ginger, grated', '6 cloves garlic, peeled', '1 tsp chilli powder', '1 tsp turmeric', '1 heaped tsp cumin seeds, crushed', '2 tsp coriander seeds, crushed', '2 tsp Kasoori methi', '1 tsp salt (or to taste)', '200g plum tomatoes', '145ml Greek yoghurt, beaten', 'Large handful fresh coriander, chopped', '1 tsp garam masala', '2 green chillies, sliced']","['Blitz the onions in a blender.', 'Heat the oil in a large pan and add the onions, cook on a high heat for about 5 minutes.', 'Reduce the heat and leave to cook until the onions start to brown. If they catch on the bottom of the pan, add a little water and continue to cook for about 20 minutes.', 'In a blender blitz the ginger, garlic and green chillies and add to the pan once the onions have browned. Stir and cook for a further 5-6 minutes until the garlic is cooked.', 'Place the chops into the pan and sear both sides before reducing the heat.', 'Blend the tomatoes with a stick blender until smooth and add to the pan', 'Crush the coriander and cumin seeds in a pestle and mortar and stir into the pan along with the turmeric, red chilli powder, Kasoori methi and salt.', 'Turn up the heat to bring everything up to a simmer, and then reduce the heat.', 'Place the lid on the pan and leave to simmer gently for 30 minutes.', 'Beat the Greek yoghurt and add a table spoon at a time, mixing in between each spoonful to ensure it is fully absorbed. Leave to cook for a further 20–30 minutes until the meat is tender.', 'Add a little hot water if you want more of a gravy, and then stir in the garam masala and top with fresh coriander to serve.']",15,60
Melon Soup with a hint of Chilli,Spiced Melon Soup,none,19117,4.3,4.0,4.0,['VEGETARIAN'],"['1 melon', '2 green chillies very finely\xa0chopped', 'squeeze of lemon', 'salt to taste', 'pinch of cumin seeds, toasted and crushed']","['Cut open a melon and remove the seeds and remove the flesh from the skin.', 'Place in a blender and blitz.', 'Pour through a sieve to remove all the fibers.', 'Add the chopped chilli to the sieved melon, mix and leave to infuse for and hour or so.', 'When you are ready to serve, add a little salt and a squeeze of lemon and stir then sieve again.', 'Pour into small bowls or little glasses to serve and top with some roasted cumin seeds.']",10,0
Mint and Coriander Chutney,Pudina Thania Chutney,medium,31700,3.9,16.0,6.0,['VEGETARIAN'],"['30g fresh mint leaves', '30g fresh coriander leaves', '1 green chilli ( add more chillies if you want the chutney to be spicy)', '½ inch ginger, roughly chopped', 'salt to taste']","['In a blender grind all the ingredients to a smooth paste using little water.', 'Store in an airtight container in the refrigerator until required.']",0,0
Mint and Coriander Dip,Coriander and Mint Raita,mild,43668,3.6,24.0,6.0,['VEGETARIAN'],"['50g of mint leaves', '50g of coriander leaves', '1 fresh chilli', '½\xa0tsp salt', '3 tbsp Greek style yoghurt', '½\xa0tsp garam masala', 'sprinkle of chilli powder']","['Put the chilli, mint, coriander and salt into a blender and whizz together to make a smooth paste (you may need to add a dash of water too).', 'Place into to a bowl and stir in the yoghurt and garam masala.', 'Sprinkle over the chilli power and serve straight away.']",5,5
Mint Chutney,Pudina Chutney,hot,89265,4.0,35.0,4.0,['VEGETARIAN'],"['Large bunch of fresh mint leaves', '1 onion cut into chunks', '1 tsp salt', '1 green chilli (add more for more heat)', '1 or 2 lemons']","['Slice the lemon in half and slice off the rind, remove any pips and\xa0chop the flesh into quarters.', 'Remove the leaves from the mint, discarding the stalks and remove the chilli stems too.', 'Place the mint, lemon, salt, chillies and onion into a blender and blitz until you get a fine blended chutney.']",5,5
Mint Lassi,Salted Mint Yoghurt drink,none,34365,3.4,12.0,4.0,['VEGETARIAN'],"['500ml Greek yoghurt', 'water', 'Handful fresh mint leaves', '1 tsp black salt', '1 tsp roasted cumin seeds', 'mint leaves to garnish', 'ice cubes']","['Put the yoghurt, mint, a splash of water into a blender and blitz to make a smooth drink. add more water if required.', 'Roast the cumin seeds in a pan and grind to a powder in a pestle and mortar.', 'Add half the salt and the roasted cumin powder to the yoghurt mixture.', 'Blend again and check the seasoning and add a little\xa0more salt if required.', 'Put the ice cubes into the glasses and pour the lassi over them, top with a couple of mint leaves.']",10,0
Mint Raita,Quick Mint Yoghurt Sauce,,88641,3.4,156.0,4.0,['LOW-CALORIES'],"['100ml natural set yoghurt', 'Splash of milk', '1 tbsp mint sauce', '1 tsp garam masala']","['Put the yoghurt into a bowl, add a splash of milk to create a runny consistency.', 'Stir in the mint sauce.', 'Stir in the garam masala.', 'Garnish with a sprig of mint and refrigerate until required.']",5,5
Missi Roti,Unleavened Spiced Flat Bread,mild,26515,4.1,26.0,4.0,['VEGETARIAN'],"['120g gram flour', '120g atta (whole wheat Flour)', '1 onion, finely chopped', '1 green chilli, finely chopped', '2 tbsp yoghurt', '¼\xa0tsp carom Seeds (ajwain)', '¼\xa0tsp turmeric', '½\xa0tsp Kashmiri chilli powder', '1 tsp garam masala', '¼ tsp amchoor powder (dry mango powder)', '2 tbsp methi leaves (fenugreek leaves - fresh or dried)', '2 tbsp chopped coriander leaves', '2 tsp ghee or rapeseed oil', 'Salt to taste', 'water or milk (if required)']","['Add everything into mixing bowl apart from the milk or water - gram flour, whole-wheat flour, finely chopped onion, chopped green chilli, carom seeds, yoghurt, dry mango powder, turmeric, red chilli powder, garam masala, 2 tsp ghee or oil and salt.', 'Mix all ingredients with your hand then add water or milk a little at a time if needed. Knead the dough to a smooth and soft mixture. Cover it with a tea towel and set to one side for 10 minutes. The dough will be a little more sticky compared to just a flour dough.', 'Grease the dough with a little oil and knead it again.', 'Put a little oil on your hands and divide it into 8 equal portions. Roll them into balls and set to one side.', 'Heat a tava, griddle or frying pan over medium heat.', 'Ensure you have some flour on a plate for dusting then take one ball and flatten it out in the dusting flour on both side.', ""Using a rolling pin, start to roll out the dough into a thick round roti (approx 5-6 inch diameter). You don't want these to be too thin."", 'Once the tava has warmed up place one roti and let it begin to cook. Tiny bubbles will starts to rise on top surface. Flip it and reduce flame to low.', 'Spread a little ghee on the surface using a spoon and continue to cook for about a minute.', 'Flip it over and increase the heat, spread a little more ghee on this side and cook for about 30 seconds.', ""Flip again and cook until it's golden and brown spots appear evenly on both the sides. You may need to flip it a couple more times."", 'Place the cooked roti on a plate lined with kitchen roll. Repeat with the remaining balls of dough and serve immediately.']",30,5
Monkfish Curry,35 mins,mild,66007,3.1,125.0,4.0,['CONTAINS-COCONUT'],"['800g of monkfish fillet, cut into cubes', '4 tomatoes, roughly chopped', '200ml of hot water', '1 tbsp coconut oil', '½\xa0tsp of black or brown mustard seeds', '½\xa0tsp of fenugreek seeds', '10 fresh curry leaves or 15 dried', '1 inch piece ginger, cut into julienne', '1 onion, finely sliced', '3-4 green chillies, sliced', '½\xa0tsp turmeric', '1 tsp cumin seeds', '3 tsp of coriander seeds', '1 tsp of Kashmiri chilli powder', '100ml of coconut milk', '1 tsp salt', '1 lime']","['Wash the monkfish cubes and leave to drain.', 'In a blender, pulse the tomatoes into a purée with 200ml of water and set aside.', 'Slice the ginger, chillies and onions.', 'Heat 1 tbsp of coconut oil over a medium heat, then add in the mustard seeds.', 'Once they are crackling, stir in the fenugreek seeds followed by the curry leaves.', 'Dont let the fenugreek seeds colour then add the ginger, sliced onions and chillies. Stir and leave to cook until the onions are golden brown (10 minutes).', 'Stir in the puréed tomatoes and increase the heat.', 'Crush the cumin and coriander seeds in a pestle and mortar and add to the sauce with the turmeric and chilli powder.', 'Partially cover the pan and turn up the heat so that it starts to boil, leave the tomatoes to reduce and thicken for about 10-20 minutes.', 'Turn down the heat and pour in the\xa0coconut milk and salt to taste. Bring the curry back to the boil and reduce to a simmer.', 'Place in the pieces of fish and allow it to cook for about 2-3 minutes until\xa0the fish is just cooked through, then remove from the heat.', 'Squeeze in the juice of lime and check the seasoning. Serve immediately with some plain Basmati rice.']",5,30
Moong Masoor di Dhal,Red lentil and split mung lentil dhal,medium,75376,4.1,30.0,6.0,['VEGETARIAN'],"['100g of split red lentils washed', '100g split mung beans washed', '900ml water 1 tsp salt']","['Place the red lentils in a pan with the salt, cover with the water and bring to the boil.', 'Remove the froth and add the split mung beans.', 'Reduce the heat and put the lid on the pan - leave to simmer for 15 minutes.', 'Check the lentils are cooked by squeezing them between your fingers. Once soft remove from the heat.', 'In a frying pan heat the oil or butter.', 'Using a fork pierce the red chillis and add to the pan with a bay leaf and the cumin seeds. When the seeds sizzle, remove the chilli and set to one side for your garnish.', 'Add the onion and garlic and fry until lightly browned.', 'Reduce the heat and add the tomatoes, ginger, turmeric, and the chopped chilli. Gently let the ingredients cook down to make a thick dry paste (10 mins).', 'Add a ladle full of the cooked lentils (dhal) to the masala paste in the frying pan and stir together, then empty all the contents back into the pan with the lentils and stir.', ""It should have the consistency of a thick soup but if it's too thick just add a little boiling water and remove from the heat."", 'Stir in the garam masala, coriander and top with the whole chillis to serve.']",10,20
Morel Mushroom Pilau,Kashmiri Gucchi Pilau,none,35005,3.8,18.0,6.0,['VEGETARIAN'],"['300g white basmati rice', '¼ tsp saffron strands', '1 tsp screw pine water (or 1 tbsp rosewater, or jasmine flower water)', '150g fresh morel mushrooms', '75g ghee or 3-4 tbsp rapeseed oil', '½\xa0onion, sliced', '3cm ginger, sliced into thin strands', '4 black cardamoms, lightly crushed', '6 green cardamoms, lightly crushed', '10cm piece cassia bark, broken', '6 cloves', '3 dried bay leaves', '75g almond slivers', '1 tsp salt', '¾ litres cold water', '1 tsp garam masala', 'fresh coriander leaves, chopped']","['Wash the rice in several changes of cold water until the water runs clear and set to one side.', 'Soak the saffron strands in the screwpine water or flaower water and leave for later.', 'Rinse the mushrooms and cut them in half lengthways.', 'Heat the ghee or oil in a wide heavy-bottomed saucepan and add the whole spices with the bay leaves. Stir for a few minutes until you can smell the fragrance from the spices.', 'Stir in the sliced onions and cook for about 5 minutes before adding the ginger.', 'Next add the prepared mushrooms and almonds, and sauté for a couple of minutes until the nuts begin to brown.', 'Add the washed rice to the mushroom mixture and sauté for a few minutes until the grains of rice become shiny.', 'Pour in the saffron mixture and salt. Add the cold water and bring the rice to the boil.', 'Reduce the heat to the lowest setting and cover with a lid. Let the rice cook undisturbed for 15 minutes.', 'Check to see whether the rice is cooked by pressing a couple of grains between your fingers. Remove from heat and set aside.', 'Sprinkle the rice with garam masala and coriander leaves just before serving.']",5,20
Mushy Pea Curry,Muttar Masala,medium,75443,3.5,79.0,4.0,['VEGETARIAN'],"['300g fresh tomatoes, roughly chopped', '1 small onion, roughly chopped', '150g fresh coconut', '5 cloves of garlic', '2 cm ginger, roughly chopped', '3 fresh green chillies (amend to personal taste)', '2 tbsp oil', '1 tsp cumin seeds', '½ tsp turmeric', '½ tsp red chilli powder', '400g tin marrow fat peas or frozen peas', 'Salt to taste', '1 tsp coriander, chopped']","['To make the masala, blend the tomatoes, onion, coconut, garlic, green chillies and ginger to a paste with 200ml of water.', 'Heat oil in a pan and add the cumin seeds until fragrant.', 'Pour the blended mixture into the pan and cook for about 10 minutes.', 'Add in the turmeric and chilli powder and stir. Leave this to cook so it thickens and the starts to make a masala.', 'Stir in the green peas with about 50ml of water and stir.', 'Continue to cook until the peas are soft and cooked through.\xa0Taste and adjust the season if required.', 'Sprinkle with some fresh coriander to serve with some rice.']",10,20
Paapri Chaat,Chickpea chaat,medium,39856,4.1,35.0,6.0,['VEGETARIAN'],"['200g plain flour', '40g oil', 'salt, to taste', '1 tbsp ajwain seeds', 'Vegetable oil for frying']","['Add the flour to a bowl and mix in the salt and ajwain.', 'Add the oil and start to knead to form a dough.', 'Make small balls with the dough slightly\xa0bigger than the size of a gooseberry.', 'Roll them out so they are about 4-5 cm in diameter.', 'Place a large, deep pan or a wok on a gentle heat and pour in the vegetable oil and allow it to get hot.', ""To test if it's hot enough, drop a tiny piece of dough into the pan – if it floats to the surface and starts to sizzle, it's ready."", ""Very gently slide in one circle of dough and fry for 2 to 3 minutes. Then using your spoon to push them under the oil, then carefully flip them over and continue cooking for 1 minute, until it's golden and crisp. Transfer to a kitchen paper to drain, and repeat with the remaining dough.""]",40,15
Papad,Poppadoms,mild,37082,3.3,29.0,4.0,['VEGETARIAN'],"['4oz Urid flour', '2oz rice flour', '½ tsp turmeric powder', '½ tps pink rock salt', '2 tsp coconut oil', '40ml water']","['Put the flours, turmeric and rock salt into a bowl and mix. (You can also add spices at this stage cumin, ground black pepper, ajwain, garlic powder, chilli flakes are all good.)', ""Add the coconut oil and add the water a little at a time and stir to make a stiff dough. Knead until it's smooth."", 'Wrap the dough in cling film and let it sit for an hour.', 'Split the dough into 6 equal sized balls and roll out to 1mm thickness. You will need to use flour to dust your surface.', 'Place the rolled out poppadoms on some kitchen roll to dry for 20 minutes. You can also leave them in the sun to dehydrate and store them in an airtight container at this stage.', 'Heat oil in a wok drop in a little of the dough if it sinks and rises then the oil is ready.', 'Gentle place one poppadom into the oil and push under the oil until it bubbles and turns golden. Remove and set on some kitchen roll. Repeat with the remaining popadoms.']",90,5
Patra Ni Machi,Fish with Green Chutney,medium,58177,4.1,31.0,4.0,['CONTAINS-COCONUT'],"['4 seabass or pomfret\xa0steaks', '100g fresh coconut, grated', '3 green chillies', '50g coriander, washed', '50g mint leaves, washed', '4cm piece of ginger', '3 garlic cloves', '½\xa0tsp cumin powder', '¼\xa0tsp turmeric powder', '½\xa0tsp salt', '1 lemon', '1 large banana leaf washed thoroughly, central spine removed', '1 tbsp vegetable oil']","['Put the fish steaks on a tray and squeeze the lemon over them with a sprinkle of salt and turmeric.', 'Rub this over the fish and set to one side for 20 minutes.', 'Crush the cumin seeds. Put the coconut, green chillies, coriander and mint leaves, ginger and garlic, a little salt and the crushed cumin into a blender and grind to a smooth paste.\xa0And a dash of water if required.', 'Coat the pieces of fish all over and keep aside.', 'Pat dry the banana leaf pieces and smear lightly with a little oil on the smooth side.', 'Place one piece of fish in the center of each piece of leaf and wrap into a neat parcel. Tie with twine from the leaf or with a toothpick.', 'This can either be griddled or cooked in a steamer for 15 minutes. Serve it all wrapped up with a some rice.']",5,30
Pea and Ham Soup with Chilli and Cumin,Spiced Ham and Pea Soup,mild,6568,4.7,3.0,4.0,['WHEAT-FREE'],"['1 ham knuckle, or cured ham hock', '1 celery stick, roughlt chopped', '1 onion, roughly chopped', '1 carrot, roughly chopped', '1 bay leaf']","['Soak the ham hock in water overnight. Discard the water.', 'Put it into a deep pan and cover completely with fresh cold water. Bring to the boil then simmer gently. You may need to skim the surface of the liquid.', 'Add the celery stick, onion, carrot and bay leaf to the ham.', 'Cook this for 2 hours and 30 minutes. Top with more water as and when required.', 'Remove the ham from the water and leave it to cool. Strain the cooking liquid through a sieve and save 2L to use as the stock for the soup. I usually freeze the extra stock.', ""Chop the onion and celery so it's nice and fine (you can use a blender)."", 'Heat a large pan and add the butter.', 'Add 1tsp of cumin seeds until fragrant and then add the celery and onion mixture.', 'Sweat for 4–5 minutes and add the garlic and chopped green chilli. Stir for a minute or two but do not let it colour.', 'Add the green split peas and stir through for another 2–3 minutes.', 'Pour in the strained ham stock and another bay leaf and a twist of black pepper.', 'Bring it to the boil, then leave to simmer for 2 hours and 30 minutes until the peas are fully cooked through. I also like to add a handful of frozen green peas halfway through.', 'Blitz with a hand blender to create a smooth soup.', 'Once the ham has cooled shred the meat and mix it into the soup. Save some to sprinkle on top when serving too.']",720,300
Pilchard Curry,Fish Curry from a Can,medium,157627,3.2,212.0,4.0,['LACTOSE-FREE'],"['2 x 425g tin of pilchard in tomato sauce', '1 tbsp oil', '1 onion, sliced', '½\xa0tsp carom seeds', '2 cloves of garlic, sliced', '2 tsp ginger, grated', '1 chilli, chopped', '1 tsp salt', '1 tsp turmeric', '1 tsp dried fenugreek leaves (kasoori methi)', 'Handful of fresh coriander, chopped']","['Heat oil in a pan and add carom seeds. When the carom seeds start to sizzle add the sliced onion and garlic then fry until lightly brown.', 'Reduce the heat and add ginger, chilli, turmeric, salt, fenugreek and fry until aromatic (about 5 mins). If the spices stick just add a dash of water to loosen.', 'Open the tin of pilchards and pour in the tomato juice keeping the fish behind.', 'Cook everything to create a thick masala paste which becomes nice and shiny.', ""Gently place the fish into the masala and heat. Be careful not to stir as you don't want the fish to break up. If it looks a little dry, add some hot water."", 'Remove from the heat and add garam masala and a good pinch of coriander to serve.']",10,20
Pineapple Curry,Pineapple Curry,medium,15283,3.6,12.0,2.0,['CONTAINS-COCONUT'],"['1 Pineapple, peeled, cored and diced', '1 tbsp coconut oil', '1 tsp mustard seeds', '4 cardamoms', '2cm piece cassia bark', '1 onion, diced', '4 garlic cloves, minced', '3cm piece fresh ginger, grated', '1 red chilli, sliced', '1 tsp turmeric', '1 tsp lemon pepper, crushed (or just black pepper)', '½ tsp chilli powder', '½ tsp salt, or to taste', '400ml coconut milk']","['Heat the coconut oil and add the mustard, cardamom and cassia bark until the seeds pop.', 'Add the diced onion and stir though until translucent', 'Add the garlic and stir to cook for about 5 minutes.', 'As the onions just start to brown add the ginger, chilli, turmeric, pepper, chilli powder and stir.', 'Add the pineapple pieces and coat with the masala spices.', 'Pour in the coconut milk and turn up the temperature to bring to a simmer.', 'Put the lid on and leave it to simmer gently for 30 minutes or until you are happy with how much the pineapple has softened - I preferred mine soft.']",10,30
Piri Piri Sauce,Hot Pepper Sauce,hot,43207,4.1,13.0,,['LACTOSE-FREE'],"['5-10 fresh red chillies, depending on how hot you want it', '2 dried smoked red chillies', '2 garlic cloves, roughly chopped', '1 tsp rock salt', '½ tsp oregano', '½ tbsp smoked paprika', '150ml olive oil', '100ml red wine vinegar']","['Preheat the oven to 180°C and put all the chillies onto a roasting tray and roast them for 10 minutes.', 'Roughly chop the garlic and blanch in hot water for about 4 minutes.', 'Once roasted let the chillies cool and roughly chop them (use gloves and then wash your hands afterwards).', 'Place the chillies, blanched garlic, salt, oregano, paprika, olive oil and vinegar into a small saucepan, and bring to the boil then leave to simmer for about 2-3 minutes.', ""Once the mixture has cooled blend everything so it's the consistency of a fine pouring sauce. Store in a tight jar at room temperature. It will keep for about a month. Shake before using.""]",5,10
Pitta Bread with Carom Seeds,Middle Eastern Bread,none,6638,5.0,,4.0,['VEGETARIAN'],"['250g brown flour', '1 tsp ajwain (carom seeds)', '1 tsp salt', '7g instant yeast', '2 tsp rapeseed oil', '160ml water', 'Extra flour for dusting']","['Tip the flour into the mixing bowl of your stand mixer with the dough hook attached and add the ajwain, salt to one side and the yeast to the other.', 'Add the oil and 120ml of the water and start to mix. Add the remaining water a little at a time until you have a soft, sticky dough (you may not need all the water).', 'With a little oil knead the dough for 5-10 minutes. The dough will become less sticky and start to feel smooth.', 'Lightly oil a bowl and place the dough in the bowl, cover and leave in a warm room until it doubles in size approx. 1-2 hours.', 'Heat the oven to 220ºC, and place a baking tray in the centre to heat up. You can also use a baking stone if you have one.', ""Dust your worktop with flour and knock back the dough and kneed for a few mintues until it's soft."", ""Divide it into 6 equal portions and then shape each one into a ball. Flatten with your fingertips and start to roll it out into an oval shape that's about 1cm thick."", 'Take the hot tray out of the oven, dust with flour and lay the pittas on it.', 'Bake for 5- 10 minutes until they puff up and just start to brown.', 'Immediatly, wrap them in a clean tea towel. This traps in the steam and keeps them lovely and soft, and leave to cool.']",20,5
Plain Basmati Rice,Chaul,mild,75695,4.0,24.0,4.0,['VEGETARIAN'],"['1 mug of washed basmati rice', '2 mugs of cold water']","['Wash the rice till the water runs clear - this is done by putting the rice in a pan stirring and draining, repeat and wash again until the water is clear. You will need to do this a few times. I always measure my rice in a mug (a standard mug will feed 3-4 people) and you will need twice the amount of water to rice to cook them perfectly.', 'Put your washed rice in a wide based pan and add twice the amount of cold water.', 'Begin to heat up the pan and bring it to a rolling boiling. Reduce the heat to the lowest setting possible and put the lid on the pan. Leave to cook for exactly 12 minutes. However tempted you maybe do not remove the lid.', 'After 12 minutes remove from the heat, take the lid off and leave for a few minutes.', ""All the water will have been absorbed and each grain will be separate - using a fork gently fluff up the rice don't just plunge straight in with a spoon""]",5,15
Pomegranate Raita,10 mins,none,40557,4.2,19.0,6.0,[],"['250g plan Greek yoghurt', '½ tsp roasted cumin', '1 tsp jaggery (or brown sugar)', '2 tbsp pomegranate seeds', '2 tbsp grated cucumber', '½\xa0tsp salt']","['Put the yoghurt into a bowl and beat it a little to aerate.', 'Toast the cumin seeds in a frying pan until fragrant then add to the yoghurt.', 'Mix all the other ingredients and stir through']",10,0
Power Salad Jar,Spiced Salad Jar,mild,9798,5.0,,4.0,['HEALTHY'],"['100g wild rice, cooked', '1 tbsp rapeseed oil', '1 small onion', '1 tsp mustard seeds', '1 tsp cumin seeds', '2 cloves garlic', '2 chicken breasts, sliced (you can use cooked chicken too)', '1 tsp salt', '1 tsp turmeric', '½ tsp Kashmiri chilli powder', '3 cm ginger, grated', '1 green chilli finely chopped']","['Heat the oven to 180ºC', 'Coat the diced butternut squash in a little oil and a sprinkle of cumin seeds and chilli.', 'Bake for 25 minutes until soft and charred. Remove and cool.', 'At the same time coat the kale in a sprinkle of oil with some cumin and cook in the oven for 10 minutes until crisp – do not let it brown too much.Remove and leave to cool.', 'Cook the rice as per the instructions on the pack.', 'Heat oil in a pan and add the mustard and cumin seeds until they sizzle and become fragrant.', 'Add the onion and cook until translucent and add the garlic. Sauté for 3-4 minutes.', 'Add the sliced chicken and stir for 3-4 minutes.', 'Add the salt, turmeric and chilli powder with the ginger and chilli and continue to cook. You can add a little splash of water if it feels too dry. Once the chicken is cooked through (about 5-6 minutes), remove from the heat and check the seasoning. Stir in the cooked rice. Leave to cool.', 'Toast the walnuts in a dry frying pan for about 3-4 minutes, until golden. Cool, then roughly crush in a pestle and mortar.', 'Heat a griddle and sear the avocado slices until charred.', 'Build your salad with the butternut squash, chicken mixture, the griddled avocado, the crispy kale and sprinkle over the crushed toasted walnuts.', 'Mix together all the dressing ingredients in a jar and pour over the salad.']",10,30
Pumpkin Curry Recipe,Hot and sour pumpkin curry,medium,86784,4.0,49.0,4.0,[],"['500g pumpkin peeled and chopped into cubes,', '1 tbsp vegetable oil,', '½\xa0tsp fenugreek seeds,', '1 dried chilli (optional)', '1 tsp cumin seeds,', '1 tsp chilli powder,', '1 tsp turmeric,', '1 tsp coriander seeds, crushed', '1 green chilli, chopped', '1 tsp salt', '1 tsp sugar (optional)', '1 green chilli, sliced (optional)', '2 tsp amchoor or 1 tbsp tamarind water', 'Handful of fresh coriander']","['Heat oil on a gentle heat and\xa0add the cumin and fenugreek seeds and 1 dried chilli until they splutter.', 'Reduce the heat and add chilli powder, turmeric, coriander and fry for five minutes.', 'Stir in the fresh green chillies, pumpkin, salt and sugar (optional).', 'Cover and cook for 20 minutes until soft, stirring occasionally.', 'If there is a lot of moisture in the dish, increase the heat and stir until the consistency is thick and lovely.', 'Remove from the heat and add the split chillies and amchoor or tamarind. If using a block of tamarind take a 5cm piece and rehydrate in approx. 100ml of boiling water. Sieve, discard the solids and use the water. Stir to absorb.', 'Garnish with a handful of coriander.']",10,20
Punjabi Piyaz,Punjabi Onion Salad,hot,71715,3.7,26.0,6.0,['VEGETARIAN'],"['2 red onions, finely sliced in rings', 'large pinch of fresh coriander, chopped', '1 green chilli, chopped', '1 lemon', '1 tsp Kashmiri chilli powder', 'salt to taste', 'chaat masala (optional)']","['Place the sliced onions in a bowl', 'Add the chopped coriander and chopped chilli.', 'Squeeze in the juice from the lemon', 'Add the chilli powder, salt and chaat masala if using', 'Using your hands mix everything together and serve']",10,0
Punjabi Style Stuffed Karela,Stuffed Bitter Gourd,medium,136908,3.5,101.0,6.0,[],"['6 bitter gourds (karela)', '1 tsp cumin seeds, crushed', '1 large onion, finely chopped', '3 tbsp mustard oil', '4 cloves garlic, finely chopped', '3 cm piece ginger, finely chopped', '1 tsp salt', '2 chillies, chopped', '1 tsp turmeric', '1 tsp amchoor', '1 tsp coriander seeds,crushed', '1 tsp fennel seeds, crushed', '']","['Prepare the karela by washing and drying them then using a peeler peel off the bumpy green skin and keep in a bowl.', 'Slice open the tummy of each karela without going all the way through and scrape out the inside including the seeds using a teaspoon into the same bowl. This will make the stuffing.', 'Heat mustard oil in a cast iron pan and add the cumin seeds, as these sizzle and become fragrant stir in the onions and fry until translucent', 'Add the ginger and garlic and then the stuffing. Fry until the onions are golden brown (5-10 minutes). This is very important as the seeds will crisp up.', 'Once browned stir in the amchoor, fennel, coriander, chilli, salt and turmeric. Fry for a few seconds and remove from the heat.', 'Once cooled use a spoon or your hands and stuff the skins with equal amounts of the mixture. Hands are better as you will also cover the outside with the juices and oils from the stuffing as well.', 'Press the stuffing into the skins. You can use a little cotton thread to wrap around each one to help hold their stuffing in.', 'To cook the Karela you can either fry them or bake them. So either place the karela back into the pan with a little oil and cook them evenly until they turn a golden brown colour all over. Or place onto an oven tray and cook in the oven for 30 minutes until soft and browned all over. These are delicious served with a red lentil dhal, plain yoghurt and roti. Once cooked the karela will keep refrigerated for up to a week.']",20,40
Punjabi Tomato Relish,1 hr 10 mins,medium,32921,3.4,13.0,8.0,['VEGETARIAN'],"['1 fresh tomato, roughly chopped', 'handful of coriander, roughly chopped', '3cm fresh ginger', '1 tsp salt', '½ tsp Kashmiri chilli powder, (optional)', '1 tbsp vegetable oil', '1 tsp kalonji seeds', '1 tsp fennel seeds', '1 tsp mustard seeds', '1 tsp cumin seeds', '1 tsp fenugreek leaves']","['Place tomato, coriander, ginger into a blender and blitz to a pulp.', 'Heat the oil in a heavy pan and add all the spices until they sizzle & become fragrant. This should only take a minute.', 'Pour the pulp into the pan and heat through for a minute. Pour into a serving dish and leave to cool before serving. Store in a sealed jar and keep in the fridge for up to 2 weeks.']",10,60
Quinoa Kosumbari,Healthy Indian Quinoa Salad,mild,34784,4.1,28.0,4.0,['VEGETARIAN'],"['1 cup Quinoa', '2 cups of water (to cook in)', 'salt to taste', '1 tsp butter (optional)', 'half a cucumber', '1 tbsp Sesame oil', '¼ tsp asafetida', '1 tsp mustard seeds', '2 tbsp cashew nuts', '1 green chilli', 'handful of coconut, grated', 'handful of coriander, chopped']","['Wash the quinoa in three changes of water to get rid of the bitter coating. Leave it to soak in water for 10 minutes.', 'Bring the water (2 parts to 1 part Quinoa) to the boil and add the quinoa, salt and a knob of butter to it.', 'When it starts to boil reduce the heat to a simmer and cook for about 15 minutes.', 'Peel the cucumber and scoop out the seeds with a spoon - chop into a fine dice and set to one side.', 'In a small pan heat the oil and add the asafoetida, mustard seeds, cashew nuts and green chillis.', 'Once toasted (few seconds) pour this into the cooked quinoa and fork it through.', 'Add the cucumber, grated coconut and lemon juice and mix it all through.', 'Sprinkle in the fresh chopped coriander and serve.']",10,15
Raajma,Kidney Bean Curry,medium,44402,4.5,30.0,6.0,[],"['200g red\xa0kidney beans, soaked overnight', '1 small onion, finley diced', '4 cloves of garlic, finely chopped', '1L water', '200g tinned plum tomatoes (½ tin)', '2 tsp ginger, grated', '1 tsp salt', '1 chilli, roughly chopped', '1 tsp turmeric', '1 tsp garam masala', 'handful of coriander, chopped']","['Put the soaked red kidney beans and any liquid into the pressure cooker', 'Add more water to make up about 1L water and add the salt. Put the lid on and bring to the boil (when it whistles) reduce heat and simmer for 30 minutes.', 'Turn off and leave to cool – DO NOT REMOVE THE LID', 'In a frying pan heat oil and add the onion and garlic, fry until brown.', 'Reduce heat and stir in the tomatoes, ginger, chilli, turmeric and cook for about 5-10 minutes to create a thick shiny masala paste.', 'Ensure the steam has been released from the cooker and open the lid. Check the beans are cooked by squeezing them between your fingers. If they are soft they and squash easily they are ready. If not check the water level (add more if required) place the lid on the pressure cooker again and bring to boil, simmer and leave to cook for a further 10 minutes.', 'Once the red kidney beans are cooked add the masala paste and stir. Leave on a gentle heat for about 5 minutes.', 'Add garam masala and chopped coriander to serve.']",5,40
Radish and Lemon Salad,A Healthy and Crunchy Mooli Salad,medium,49854,3.3,26.0,4.0,['VEGETARIAN'],"['10-12 radishes', '1 handful coriander leaves', '½\xa0green chilli', '1 tsp cumin seeds', '2cm piece ginger, grated', '1 lemon', 'Salt to taste', 'splash of olive oil (optional)']","['Finely slice the radishes and place them into a bowl', 'Chop the coriander leaves and chilli and add to the bowl', 'Toast the cumin seeds in a dry pan until you can smell their aroma then crush the seeds in a pestle and mortar. Sprinkle into the same bowl with the radish.', 'Grate in the ginger, and squeeze in the lemon juice (and oil if using).', 'Sprinkle in a little salt and mix everything together.']",10,0
Rasam,South Indian Spiced Soup,hot,31943,4.6,23.0,4.0,['VEGETARIAN'],"['4 cloves garlic', '10cm ginger', '20 curry leaves with stalks', '1 heaped tsp peppercorn', '2 dried red chillies', '1 heaped tsp cumin seeds', '1 tsp turmeric']",['Grind all the ingredients for the paste together in a blender to make a rough paste.'],10,20
Red Chilli Sauce,Habenaro Chilli Sauce,hot,73997,3.6,21.0,,['HEALTHY'],"['150g habanero chillies', '50g red birds eye chillies (or for a milder sauce jalapenos)', '1 large onion, sliced', '1 garlic bulb', '1 tsp salt (to taste)', '60ml vinegar']","['Put kitchen gloves on and remove the stalks from the chillies.', 'Place on an oven tray with the whole bulb of garlic.\xa0Heat the oven to 180°C and\xa0roast for 15-20 minutes.', 'Peel the garlic cloves and place into a pan with the chillies.', 'Add the remaining ingredients to the pan and simmer for 30 minutes. Remove from the heat and leave to cool.', 'Pour into a liquidiser and blend to a fine puree. If you want the sauce to be a thick sauce then leave it as it is but for a thinner sauce sieve. Store in a sealed jar - this will keep for three weeks in the fridge.']",10,30
Red Lentil Dhal,Masoor di Dhal,medium,576234,3.7,517.0,4.0,['VEGETARIAN'],"['200g red lentils, washed', '900ml water (approx.)', '1 tsp of salt']","['Place lentils in a pan with the salt, cover with the water and bring to the boil.', 'Remove the froth, reduce the heat and leave to simmer for 10 minutes. Check the lentils are cooked by squeezing them between your fingers. Once soft remove from the heat.', 'In a frying pan heat the oil or ghee. Add the dried chilli, bay leaf and the cumin seeds.', 'When the seeds sizzle, add the onion and garlic and fry until lightly browned. Reduce the heat and add the tomatoes, ginger, turmeric, fenugreek and the chopped chilli. Gently let the ingredients cook down for about 10 minutes to make a thick masala paste.', ""Add a ladle full of the lentils (dhal) to the masala paste in the frying pan and stir together, then empty all the contents back into the pan with the lentils and stir. It should have the consistency of a thick soup but if it's too thick just add a little boiling water and remove from the heat. If you prefer it thicker just leave it on the heat to reduce until you get the consistency you want."", 'Check the seasoning and add a little salt if required. Stir in the garam masala and coriander to serve.']",10,20
Roasted Red Pepper and Tomato Chutney,1 hr 10 mins,medium,32188,3.9,17.0,12.0,['VEGETARIAN'],"['1 large red onion, roughly chopped', '4 cloves of garlic, roughly chopped', '2 red peppers, roughly chopped', '500g of fresh cherry tomatoes', '1 tsp cumin seeds', '2 tbs oil', '1 tbsp of vinegar', '1 tsp salt', '1 green chilli']","['Place the onions, garlic, peppers, and tomatoes into a roasting tin.', 'Add the oil, vinegar, salt, chilli, cumin and toss well.', 'Roast at 180ºC for about an hour, or until the peppers are soft, the tomatoes have burst, the onions should be soft and starting to caramelising.', 'Transfer everything into a blender blend.', 'Push this through a sieve, store in a jar. It should keep for two weeks in the fridge.']",10,60
Roti,Unleavened Flat Bread,,108368,4.1,37.0,4.0,['VEGETARIAN'],"['500g whole-wheat flour (atta)', '300ml Water approx.', '1 tsp butter or oil']","['Put the atta in a bowl and adding a little water at a time bring the flour together with your hands to make dough.', 'Start to knead the dough using your knuckles, folding it over as you go. The dough should come together and come away from your hand and the bowl. If it is sticky add a little more flour and continue to knead. The dough needs to be soft but not sloppy. Set to one side for at least half an hour before making the roti.', 'Put some dry atta on a flat plate for dusting. Heat up the thava on the lowest setting, flour your hands and take a tangerine sized ball of dough.', 'Roll the dough in the palms of your hands creating a smooth ball.', 'Flatten it using your fingers then holding the dough in one hand rotate it round and flatten out with the other.', 'Flour again and begin to roll out. Turn it over, flour and roll again, try not to let it stick. When it is about 7cm in diameter pick it up and pass from one hand the other as if you are clapping.', 'This evens it out and removes the excess flour.', 'To cook, heat the tava which is an Indian griddle pan (but a non stick frying pan will do) and carefully place the roti flat on to it. Try not to let the roti fold.', 'You will see the colour of the roti darken after about 10 seconds, turn the roti over. If using gas - turn the heat down a little and when bubbles appear after about 10 seconds take the thava off the hob and put the roti directly onto the flame.', ""The roti will begin to puff up, turn it over using tongs and move it around so it doesn't burn. If you are not using a gas cooker or are not comfortable using a naked flame leave the roti on the pan. Turn the heat down a little and when bubbles appear turn the roti over.\xa0Using a clean tea towel gently press the top of the roti and it will begin to blow up with hot steam."", 'Work quickly, turning and pressing until it has all blown up. Be careful not to burn yourself. Remove the roti and set it on a clean tea towel and cover to keep warm.']",30,5
Saag Aloo,Spinach with Potatoes and Indian Spices,hot,301195,3.4,265.0,4.0,['VEGETARIAN'],"['1 tbsp mustard oil', '1 tsp mustard seeds', '1 tsp cumin seeds', 'Pinch asafoetida', '2 garlic cloves, sliced', '1 tbsp ginger, thinly sliced', '2 tomatoes, chopped', '600g baby spinach, finely sliced', '4 potatoes, peeled & chopped into 3cm cubes (go for floury potatoes such as maris pipers, waxy ones will take longer to cook)', '1 tsp salt or to taste', '1 or 2 chillies, finely sliced', '1 tsp garam masala']","['Heat the oil in a karahi or wok. Add the mustard seeds, and just as they begin to pop, add the cumin seeds and asafoetida.', 'Add the garlic and ginger and fry for a few minutes on a gentle heat. Then stir in the tomatoes, chilli and salt to taste.', ""Cook the tomatoes on the same heat until they have turned to a soft pulp. Then add the cubed potatoes and stir them gently to coat them in the sauce. Don't be too heavy-handed as you don't want to mash the cooked potatoes."", 'Reduce the heat and place a lid on the pan. Cook for about 10 minutes, remembering to stir occasionally. You may need to add a splash of water halfway through to stop the potatoes sticking to the pan and leave to cook.', 'Once the potatoes have just turned soft (time depends on the potatoes your have used) , add the spinach to the pan and stir gently.', 'Cook for a further few minutes until the spinach has wilted down. If there is any liquid in the pan at this point, just increase the heat to dry the dish out.', 'Sprinkle the garam masala over the top before serving.']",10,25
Saag Paneer,Puréed Spinach with Paneer,medium,82679,3.8,66.0,4.0,['VEGETARIAN'],"['1 tbsp butter / 2 tbsp vegetable oil', '750g baby spinach, washed', '1-2 green chillies, roughly chopped']","['Heat the butter or oil in a pan and add the washed spinach. Sauté until the leaves just wilt.', 'Once cooled add one or two roughly chopped chillies to the pan and using a hand blender blitz the cooked spinach and chillies in to a smooth paste - set to one side.']",20,30
Saag Walee Roti,Unleavened Spinach Flatbread,none,11661,4.9,10.0,6.0,['VEGETARIAN'],"['260g chakki atta or atta flour (half wholemeal and half plain works as well)', '½ tsp salt', '2 tsp oil', '50g big handful of spinach', '100ml warm milk']","['Heat water in a pan and add spinach. Blanch and remove the spinach, and then rinse under cold water.', 'Place in a blender and add the milk. Blitz to a puree and set to one side.', 'Mix flour, salt and oil together. Pour in the spinach and milk puree a little at a time and knead to a soft dough. Cover with a tea towel and set to one side for 20 minutes.']",25,5
Saffron Potatoes,Kesar wala Aloo,medium,26237,3.3,12.0,4.0,[],"['4 large potatoes', '1 tbsp oil', '290ml boiling water', 'pinch of saffron strands', 'salt to taste', '1 tsp garam masala', '1 tsp chilli flakes']","['Pour boiling water into a jug and add the saffron.', 'Wash and scrub potatoes then cut into chunky wedges with the skin left on.', 'In a large non-stick frying pan or oven tray heat the vegetable oil. Once hot add the wedges and saute then until they are starting to brown (about five minutes).', 'Add the salt, pepper, garam masala to coat the potatoes.', 'Then add the chilli flakes and pour in the saffron water.', 'Simmer this on a rapid heat for about six or seven minutes.', 'Reduce the heat and leave the potatoes to cook gently for about 15 minutes until the potatoes are soft and most of the water has evapourated.']",10,15
Salt and Chilli Almonds,Spiced Roasted Almonds,medium,12076,4.5,2.0,4.0,['VEGETARIAN'],"['500g almonds', '1 tsp salt', '1 tbsp hot water', '2 tbsp olive oil', '1 tsp chilli powder', '1 tsp garlic granules', 'Sea salt to taste', '1 tsp chilli flakes (optional)']","['Heat oven to 190°C degrees and line a large baking sheet with silicone or grease proof paper.', 'Place the raw almonds in a large mixing bowl', 'Stir 1 teaspoon of salt into the hot water until most of it dissolves and pour over the nuts in the bowl and mix until they are all coated.', 'Place the almonds onto the prepared baking sheet in a single layer and bake in the oven for about 8 minutes, stir well and spread back into a single layer and bake another 7-8 minutes (about 15 minutes total). Keep an eye on them as they can burn quickly.', 'Mix the olive oil with the chilli powder and garlic granules.', 'Place the hot nuts back into the large bowl and pour the olive oil over them. Toss well until all the nuts are coated.', 'Sprinkle on a little sea salt and chilli flakes and mix through.', 'Spread the nuts out on the baking sheet to cool and crisp up. They will soak up the oil as they cool.', 'Store in an airtight container at room temperature and enjoy as a snack.']",5,15
Salted Lassi,Salted Yoghurt Drink,none,23872,4.4,5.0,4.0,['VEGETARIAN'],"['500ml Greek yoghurt', '250ml water', '1 tsp black salt', '1 tsp roasted cumin seeds', 'mint leaves to garnish', 'ice cubes']","['Put the yoghurt into a tall jug and add the cold water.', 'Roast the cumin seeds in a pan and grind to a powder in a pestle and mortar.', 'Add half the salt and the roasted cumin powder to the yoghurt mixture.', 'Blend everything together with a whisk\xa0until it is smooth. Check the seasoning and add a little\xa0more salt if required.', 'Put the ice cubes into the glasses and pour the lassi in. add a couple of mint leaves to the lassi.']",10,0
Sarson Ka Saag,Puréed Mustard Greens,medium,49111,4.6,24.0,6.0,['VEGETARIAN'],"['500g palak/spinach', '500g saag mustard leaves if you can find them if not use curly kale or greens (washed and dried thoroughly)', '4cm ginger, roughly chopped', '5 cloves garlic, whole', '1 chilli, roughly chopped', '1 tsp salt', '1-2 tbsp corn flour to thicken (if required)', '4 tomatoes, finely chopped', '65g butter']","['Wash and slice the spinach and place in the bottom of the pressure cooker.', 'Wash and finely slice the greens and place on top of the spinach.', 'Add the ginger, garlic, salt and chilli to the pan and secure the pan lid.', 'Heat the pressure cooker and bring to temperature. When the cooker whistles twice (should take about 10 minutes) reduce the heat and leave to simmer for about 5 minutes.', 'Remove from the heat and leave to cool - DO NOT REMOVE THE LID.', 'Next release the pressure, open the lid and leave to cool for a few minutes.', ""Using your hand blender blitz the saag. The aim is to have a thick bright green puree, if it's a little watery place the cooker back on the stove on a high heat and stir continuously to reduce and thicken.\xa0You can also thicken it up by sprinkling with a little corn flour, but I prefer not to."", 'In a frying pan melt the butter and add the chopped tomatoes. Fry gently until the tomatoes have cooked down to a pulp and you have a thick tomato paste.', 'Stir into the saag, check seasoning and serve.']",10,20
Saunth ki Chutney,Tamarind and Ginger Chutney,medium,30727,4.1,15.0,8.0,['VEGETARIAN'],"['100g tamarind', '150g jaggery grated', '1 tsp Salt', '1 tsp kala namak (pink salt), optional', '1 tsp garam Masala', '½ tsp ginger powder', '½ tsp black pepper', '½ tsp chilli powder']","['If using tamarind in the block form - cover the tamarind in boiling water, leave it to soak for about 10-20minutes.', 'Using a fork mash it well and then strain, save the tamarind water and discard the stones and pulp. (You can repeat this process to get more tamarind water). The tamarind water should be pouring consistency.', 'Pour the tamarind water (or paste) into a pan, add the rest of the ingredients and bring to a boil. Leave to simmer for a few minutes until it thickens to a sauce consistency.', 'Cool and serve.']",5,10
Seekh Kebabs,Skewered Kebabs,medium,59342,3.5,45.0,4.0,['LACTOSE-FREE'],"['500g lamb mince', '4 garlic cloves', '10cm piece of ginger, roughly chopped', '1 chilli, chopped', '1 tsp cumin seeds', '1 tsp garam masala', '1 tsp Kashmiri chilli powder', '1 tsp salt', 'handful of coriander (including stems)', '1 tbsp oil', 'wooden or metal skewers']","['In a pestle and mortar roughly crush the cumin seeds, ginger, chilli and garlic then put into a blender.', 'Then add the mince, garam masala, Kashmiri chilli powder, salt and coriander. Blend to paste and leave to rest in the refridgerator (or freezer) for 15 mins.', 'If using wooden skewers, soak in cold water for at least 30 minutes.', 'Coat your hands in a little oil and take a small ball (size of a walnut) of the lamb mixture and squeeze around the skewer. Set to one side and repeat with the remaining mixture. Refridgerate for at least 30 mins before cooking', 'Cook in a frying pan or griddle for 10 minutes then turn to cook the other side until brown and a little crispy. These are also delicious on the barbecue.', 'Serve with a fresh mint chutney.']",10,15
Sholay,Chickpea Curry,medium,98426,3.8,63.0,4.0,['LACTOSE-FREE'],"['100g dried chickpeas soaked overnight in 1L of water', '1 onion, finely diced', '4 cloves of garlic, finely chopped', '400g/1 tin of tomatoes', '2 tsp ginger grated', '1 tsp salt', '1 green chilli, chopped', '1 tsp turmeric', '1 tsp chilli powder', '1 tsp dried fenugreek leaves', '1 tsp garam masala', '1 handful of coriander, chopped', '1 lemon', '1 or 2 green chillies, chopped to garnish', 'sliced red onion to garnish']","['In the pressure cooker heat oil and add onions and garlic. Fry until golden brown, and if the onions stick just add a dash of water and stir until they have browned.', 'Reduce the heat and add tomatoes, ginger, chilli, salt, turmeric and fenugreek. Cook this sauce until the onions and tomatoes melt together and you are left with an aromatic masala paste.', 'Wash the soaked chickpeas and add to the pan, then stir fry for a few minutes.', 'Add enough hot water to cover the chickpeas and put the lid on the pressure cooker. Bring it to the boil and leave it until it whistles twice, then reduce the heat and let it simmer for 10 minutes.', 'Remove from heat and leave to cool. DO NOT REMOVE LID. Once cooled remove the lid and check the chickpeas are cooked. If they are still hard, check the water and if you need to add a little more then and put the lid on again and repeat step 4.', 'Once cooked through place the pan on the heat and stir-fry the chickpeas to reduce and thicken the sauce.', 'Turn the heat off and squeeze in the juice from 1 lemon and stir in the garam masala.', 'To garnish sprinkle over the fresh coriander, the finely sliced onions and green chillies.']",10,50
Sindhi Masala Fish,Dry fried spiced fish,medium,150084,3.1,171.0,4.0,['LACTOSE-FREE'],"['1 tbsp coriander seeds', '2 tsp fennel seeds', '2 garlic cloves', '2 tbsp plain flour', '1 tbsp turmeric powder', '1 tsp chilli powder', '2 tsp garam masala', '1 tsp salt', '4 large white fish fillets, plaice, haddock or cobbler are good', 'Rapeseed oil to fry']","['Crush the coriander seeds, fennel seeds and garlic cloves in a pestle and mortar then empty into a bowl.', 'Mix in the flour, turmeric, chilli powder, garam masala and salt.', 'Place the fish fillets into the masala mix and coated them then set to one side.', ""In a large deep frying pan, add enough vegetable oil so it's about 5cm deep to fry the fish."", 'Gently heat the oil and test whether it’s ready by dropping a small bit of the masala mixture into the oil, if it fizzes and turns brown in a few seconds the oil is ready.', 'Very gently slip in a couple of fish fillets and cook for around 4–5 minutes, gently turning them over until cooked through and they have turned a wonderful yellow colour.', 'Drain on some kitchen paper.']",5,10
Smoked Bangun Partha,Aubergine Pate,medium,40775,4.3,23.0,4.0,['VEGETARIAN'],"['2 aubergines', '2 tbsp of mustard oil', '2 onions, sliced', '1 heaped tsp cumin seeds', '4cm stick of cassia bark', '1 tsp of salt', '1 tsp of cinnamon powder', '2 green chillies, finely chopped', '½\xa0tsp turmeric', '3 fresh tomatoes, cut into wedges', 'Handful of fresh coriander, chopped']","['Place one aubergine at a time directly onto the flame of your hob turning them with tongs to blacken and blister the outside. Alternatively, cook in a wood burning stove or barbecue to get a wonderful smoky flavour.', 'Once blackened place on a tray and roast in a pre-heated oven at 180oC) for about 10 minutes.\xa0Turn and then leave for a further 10 minutes. They should be soft and cooked through.', 'Leave to cool then either peel the skin away or slice in half and scoop out the flesh discarding the skin. Mash the flesh to a pulp and set to one side.', 'Heat the oil in a pan and add the cumin seed and cassia bark.', 'Once sizzling add the sliced onion and cook until golden brown.', 'Add the chillies, turmeric, salt, cinnamon powder and stir in the aubergine flesh. Leave to cook for 20 minutes until you have a thick spicy masala pate.', 'Add the tomatoes and cook for another few minutes then remove from the heat.', 'Add a handful of fresh coriander before serving. I sometimes also like to add a splash of coconut milk to make it nice and creamy.']",10,35
Smoked Tomato Sauce,A healthy tomato relish with seriously deep flavours.,medium,18912,4.3,6.0,12.0,['VEGETARIAN'],"['5 cloves of garlic, peeled and finely chopped', '1 tsp kalonji seeds', '1 tsp salt', '2 dried\xa0red chillies', '1 green chilli, chopped', '10 tomatoes', 'lump of smoking charcoal']","['Heat oil in a pan and add the garlic.', 'Fry until it starts to brown.', 'Add the kalonji seeds, salt and chillies.', 'Stir then add the tomatoes, bring to the boil then reduce the heat and leave to cook gently for about 30 minutes to an hour until thick.', ""Leave to cool and place into a dish. To infuse the smoky flavour make a foil bowl and place in the centre of the chutney. Carefully heat a piece of charcoal until it's smoking then place it in the foil cup. Cover the whole dish with foil and set aside for half an hour to allow the smoky flavours to infuse into the chutney.""]",10,60
Sooke Moong Dhal,Moong Dhal,medium,5069,4.3,3.0,4.0,['VEGETARIAN'],"['200g whole moong dhal / mung beans', '1 tbsp oil', '¼ tsp mustard seeds', '¼ tsp cumin seeds', '¼ tsp asafoetida', '¼ tsp turmeric', '1\xa0tsp chilli powder', '1 tsp coriander seeds, crushed', '2 tsp lemon juice', '1 tsp salt', 'Pinch of sugar (optional)', 'Fresh coriander, chopped']","['Soak the moong dhal for about 15 minutes.', 'Put the soaked moong dhal and 350ml water into your pressure cooker.', 'Place the lid on and cook at high pressure for 10 minutes then turn off and leave for the pressure to be released.', 'In a pan heat oil add mustard seeds, cumin and asafoetida until they sizzle.', 'Pour in the moong dhal and add the turmeric, chilli powder, coriander, lemon juice, sugar (if using) and salt.', 'Stir together and garnish with fresh coriander. Mix and serve hot.']",10,10
Soya curry,Soya chunks with peas and pepper,medium,44293,3.5,24.0,4.0,['VEGETARIAN'],"['1 tbsp vegetable oil', '1 onion, finely chopped', '3 garlic cloves, chopped', '3cm piece of ginger, grated', '250g tinned plum tomatoes', '1 green chilli, finely chopped', '1 tsp salt', '1 tsp fenugreek powder (methi)', '1 tsp turmeric', '1 tsp chilli powder', '200g peas', '200g dried soya chunks', '1 red pepper, sliced', '1 tsp garam masala', 'Handful of fresh coriander (chopped)']","['Soak the soya chunks in boiling water for 10-20 minutes until they are soft.', 'Heat oil in a pan and add onion and after a few minutes stir in the garlic. Cook for about 10 minutes until the onions are soft and just turning golden.', 'When the onions are cooked add the tomatoes, ginger, salt, turmeric, fenugreek and chilli.', 'Stir together and cook the sauce until the tomatoes and onion melt together creating a thick masala paste.', 'Squeeze the water out of the soya (be mindful that the water may still be hot).', 'Once the masala is thick and shiny add the soya and frozen peas.\xa0Stir and cook for 5 minuets.', 'Add the peppers and cook for 5-6 minutes. If you want to create a little sauce add some hot water\xa0to get the consistency of the sauce that you are looking for.', 'Sprinkle in the garam masala and fresh coriander to serve.']",10,20
Spiced Cauliflower Rice,Cauliflower Rice,medium,48520,3.7,51.0,4.0,['VEGETARIAN'],"['1 medium cauliflower, shredded', '1 tbsp rapeseed oil', '1 tsp black mustard seeds', '1 tsp cumin seeds', '2 dried Kashmiri chillies, each broken into 3 or 4 pieces', '5cm piece ginger, finely grated', '1 garlic clove, sliced', '½ tsp turmeric', '1 tsp salt', '2 fresh green chillies, sliced']","['Roughly chop your cauliflower, put into a blender and blitz very quickly to get a fine shred of cauliflower.', 'Heat the oil in a large saucepan or karahi. When it is hot, add the mustard seeds followed by the cumin seeds and dried chillies.', 'Stir for about 30 seconds, then add the sliced garlic, grated ginger, turmeric and salt and fry for 30 seconds.', 'Stir in the cauli rice and stir-fry for about 3-4 minutes over a medium heat. Stir in the green chillies.']",10,10
Spiced Fish Pie,Indian Fish Pie,mild,58157,3.4,57.0,6.0,['HEALTHY'],"['2 tbsp oil', '1 tsp fennel seeds', '½ tsp mustard seeds', '1 onion, chopped', '2 garlic\xa0cloves, finely chopped', '1 large handful of fresh spinach, chopped', '1 chilli, chopped', '400ml cream', '400g firm white fish', '200g salmon', '100g smoked fish', '300g prawns', 'salt and pepper to taste']","['Heat oven to 200°C.', 'Heat the oil and temper the fennel and mustard seeds until they crackle. Add the \xa0chopped onion and cook for 5 minutes.', 'Stir in the garlic and cook through allowing the onions to soften and turn translucent.', 'Add the chopped spinach and chilli and once the spinach has wilted pour in the cream and stir. Season with the salt and pepper.', ""As the cream warms up place the fish and prawns into the pan and simmer gently for a few minutes until it's just cooked through."", 'Remove from heat and place in a casserole dish.']",15,40
Spiced Jerusalem Artichokes,Artichoke Masala,medium,49914,3.4,39.0,4.0,['VEGETARIAN'],"['500g Jerusalem artichokes', '2 tbsp vegetable oil', '1 heaped tsp cumin seeds', 'large pinch of asafoetida', '1 green chilli, chopped', '½\xa0tsp salt', '1 lemon', '1 tsp garam masala', 'Handful of fresh coriander']","['Wash and scrub the artichokes, then peel and chop them into 4cm cubes.', 'Heat oil in a wok or karahi, add cumin seeds and asafoetida powder.', 'Once the seeds crackle, add the chillies and salt and add the chopped artichokes.', 'Stir and coat them with the spices and leave them to cook on a gentle heat for about 5-10 minutes, stirring occasionally. Cook them to the texture you like — I like mine with a crunch. Remove from the heat.', 'Squeeze in a little fresh lemon juice, sprinkle the garam masala and transfer to a bowl.', 'Sprinkle with the fresh coriander to finish.']",5,10
Spiced Potato Stuffed Peppers,Shimla Mirch Stuffed with Spiced Potato,medium,49863,4.0,32.0,4.0,['VEGETARIAN'],"['4 whole peppers, 2 red and 2 green', '4 medium sized potatoes, boiled and diced', '1 tsp rapeseed oil', '1 tsp of salt', '1 tsp cumin seeds', '1 green chilli, finely chopped', '1 tsp garam masala', '3cm fresh ginger, grated', '1 tbsp fenugreek leaves', '1 tbsp fresh coriander, finely chopped']","['Cook the potatoes gently with the skin on (do not boil too vigorously) for 20-25 minutes. Once soft leave to cool and then peel. Cut into small cubes and place into a large bowl.', 'In a small frying pan heat the oil and fry the cumin seeds. When sizzling and aromatic remove and add to the potatoes.', 'Next add the salt, chilli, garam masala, fenugreek, ginger and fresh coriander to the potatoes and stir - check seasoning.']",20,50
Spiced Pumpkin Seeds,Roasted Pumpkin Seeds,medium,7643,5.0,5.0,4.0,['VEGETARIAN'],"['Seeds from one pumpkin', '1 tsp salt', '1 tsp chilli flakes', '1-2 tsp rapeseed oil']","['Pull out the seeds from the pumpkin and place into a bowl with water.', 'Wash the seeds in a few changes of water to get rid of all the stringy flesh.', 'Place in a colander and leave to strain.', 'Place some kitchen roll on a baking sheet and put the seeds on it so they dry. You can leave them overnight.', 'Heat your oven to 180ºC', 'Spread the seeds on an oven tray and pour the oil over the seeds. Rub them so they are coated with the oil. Sprinkle with the salt and chilli flakes.', 'Roast in the oven for 10 minutes until they are golden brown.', 'Remove and leave to cool. Store in an air tight jar and use as and when required.']",10,20
Spiced Rice,Basmati Rice with Whole Spices,none,10176,3.8,8.0,4.0,['VEGETARIAN'],"['1 tbsp ghee', '1 tsp cumin seeds', '1 stick of cassia bark', '3 cloves', '4 cardamom pods', '2 star anise', '1 small onion, finely sliced', '1 garlic clove, sliced', '4cm piece of ginger, julienne', '10/15 cashew nuts', '1 tbsp raisins, (optional)', '200g/1 mug Basmati rice', '500ml/2 mugs full, cold water', '1 tsp salt, (or to taste)']","['Wash the rice until the water runs clear. I do this by covering the rice with water and running my hand through it, pouring the starchy water away then refilling with cold water and repeating until the water runs clear. Strain in a sieve and leave.', 'In a wide based pan heat the ghee and add the whole spices - cumin seeds,cassia, cloves, cardamom, star anise.', 'When they sizzle and become fragrant stir in the onions and saute.', 'After a minute or 2 add the garlic. Just as you get a little colour add the ginger, cashews and raisins.', 'Add the washed rice, stir to coat with the spices then pour in the 500ml of water (twice the amount of water to rice).', 'Add the salt and bring the water to a vigorous rolling boil, reduce the heat to the lowest setting and place the lid on the pan.', 'Leave to cook for 10 minutes do not remove the lid - be patient!', 'After 10 minutes remove from the heat and leave for a minute.', 'Then take the lid off and let the steam rise. All the water will have been absorbed and the rice will be light and fluffy.', 'Gently fork through the rice (never dive straight in) and serve.']",10,15
Spicy Courgette and Pea Fritter,20 mins,medium,66807,3.9,86.0,4.0,['VEGETARIAN'],"['2 medium courgettes, grated', '100g plain flour (or gram flour)', '1 tsp baking powder', '1 small onion, finely chopped', '50g frozen peas, defrosted', '2 cloves of garlic, finely chopped', 'salt to taste', '1 green chilli, chopped', 'handful coriander, chopped', '1 tsp chilli powder', '1 tsp garam masala', '1 tsp cumin seeds', 'oil for cooking']","['Grate the courgette and sprinkle with salt and leave for as long as you can. Place it in a colander in the sink, squeezing out any excess water.', 'In a bowl mix together the flour and baking soda.', 'Add the grated courgette, onion, peas, garlic, salt, chilli, coriander, chilli powder, garam masala and cumin seeds.', ""Squeeze and mix everything together. If it's a little dry add a touch of water."", 'Heat some oil (2 tbsp) in a nonstick frying pan.', 'Take a large spoonful and place in the hot pan. Gently press to flatten (it will be sticky) and shallow fry fritters. Reduce the heat if it gets too hot.', 'Cook on the first side until golden then flip and cook the other side.']",10,10
Spicy Lamb Chops,1 hr 25 mins,hot,199894,3.1,322.0,4.0,[],"['4 lamb chops', '1 tbsp coriander seeds', '1 tsp fennel seeds', '1 tsp cumin seeds', '5 dried Kashmiri chillies (or chilli powder mixed with paprika)', '4 cloves garlic, peeled and roughly chopped', '2 tbsp ginger, grated', '1 tsp salt', '1 tbsp rapeseed oil', '1 lemon']","['In a pestle and mortar crush the coriander, cumin, fennel seeds and dried chillies.', 'Then add the garlic, ginger and salt then grind with the spices to create a thick paste.', 'Pour in the oil and lemon juice and mix together.', 'Smear the paste all over the chops and leave to marinate for at least 1 hour.', 'Ensure they are at room temperature and cook on a griddle or barbecue for 4-5 minutes on each side until cooked through.']",10,15
Spinach and Mushroom Omelette,10 mins,medium,13519,4.1,22.0,1.0,[],"['1 tbsp oil', '1 spring onion, chopped', '1 tsp cumin seeds', '1 green chilli, chopped (optional)', 'salt to taste', '4 mushrooms, sliced', 'handful spinach', '1 tsp garam masala', '2 eggs']","['Heat the oil in a pan then add the cumin seeds.', 'Once they sizzle add the chopped spring onions and sauté.', 'Stir in the chopped chillies (if using) and a little salt.', 'Add the mushrooms and stir, cook for about 4-5 minutes.', 'Add the spinach and stir until it has wilted. Sprinkle in the garam masala then remove the pan from the heat and set to one side.', 'In two bowls separate the yolk and the egg whites.', 'Whisk the egg whites until frothy then whisk in the egg yolks.', 'Heat a little butter in a frying pan and add the eggs. Leave to cook for about 30 seconds then turn the omelette over.', 'Place the cooked omelette\xa0onto a plate and spoon the filling into the omelette and fold over to serve.']",5,5
Sweet Potato and Spinach Curry,Sweet Potato and Spinach Curry,medium,49584,3.7,75.0,4.0,['VEGETARIAN'],"['1 tbsp rapeseed oil', '1 tsp cumin seeds', '1 tsp black mustard seeds', '2 red onions, thinly sliced', '2 large cloves of garlic, finely chopped', '1 tsp ginger, grated', '2 green chillies,, thinly sliced', '1 tsp coriander seeds', '1 tsp turmeric salt to taste', '1-2 sweet potatoes, diced (about 700g)', '300g spinach, coarsely chopped', '1 tsp garam masala', '1 tbsp flaked almonds, toasted']","['Heat the oil in a large saucepan and add the cumin seeds, once fragrant add the mustard seeds. As they start to pop add the onion.', ""Stir and cook until it's translucent then add the garlic."", 'After a few minutes stir in the ginger, and chilli. You may need to add a splash of water too.', 'Grind the coriander seeds to a powder in a pestle and mortar.', 'Place the ground coriander and turmeric in a bowl and add a little water to produce a spice paste.', 'Once the onions have browned, pour in the spices paste and heat until fragrant.', 'Add some salt then reduce the heat then add the sweet potato cubes. Stir to coat with the spices.', 'Leave to cook gently for about 25-30 minutes, keep checking but do not stir too much. If you need to, you can add a little splash of water.', 'Once the sweet potatoes are soft add the spinach and stir together.', 'In a frying pan add some flaked almonds and toast for 1-2 minutes until a little brown and crisp. Remove from the pan and set to one side.', 'Once the spinach has wilted taste and adjust seasoning if required. Remove from the heat and stir in some garam masala. Top with the flaked almonds to serve.']",10,20
Tamarind Rice,Imlee Chaul,medium,35790,3.7,16.0,6.0,['VEGETARIAN'],"['200g Tilda Basmati Rice, cooked', '25g tamarind hydrated in 100ml water or 1 tbsp tamarind paste mixed with 4\xa0tbsp water', '2 tbsp coconut oil', '1 tsp mustard seeds', '½ tbsp urid dhal', '1 tbsp chana dhal', '½ tsp fenugreek seeds', '2 dried red chillies, broken', '5 curry leaves', '1 onion, chopped or ½ tsp asafoetida/asafetida', '1 tbsp peanuts', '½ tsp turmeric', '1 tsp salt or to taste', 'Handful of fresh coriander']","['Have your cooked rice ready and make up your tamarind water and set to one side.', 'Heat the oil in a pan and add\xa0the mustard seeds as they begin to pop stir in the urid and chana dhal. The dhal will begin to toast.', 'When they change colour add the fenugreek seeds, dried red chillies then stir in\xa0the curry leaves .', 'Add the onions (if using)\xa0and cook until they are a lovely golden brown colour or add\xa0the\xa0asafoetida and stir.', 'Add the peanuts to toast for a few minutes and sprinkle in the turmeric.', 'Pour in the tamarind. If using tamarind water leave it to cook until it has thickened (about 5 minutes).', 'Add salt to taste and stir in the cooked rice to coat and heat through.', 'Remove from the heat and sprinkle in some fresh coriander to serve.']",5,15
Tandoori Chicken,Chicken in a Spiced Yoghurt,medium,186225,3.7,160.0,4.0,[],"['4 chicken legs, skinned and trimmed']","['Once skinned and trimmed, slash the flesh on the legs twice, diagonally, down to the bone.', 'Blend the garlic, ginger, chilli in a pestle and mortar.', 'Place the chicken in a dish and stir in the blended ingredients. Pour on the lemon juice and the mustard oil.', 'In a separate dish, mix the remaining ingredients (salt, garam\xa0masala, ground cumin seeds, Kashmiri red chilli powder, dried fenugreek leaves) with the yoghurt to create a paste. Add this yoghurt paste to the chicken and massage into the meat using your hands.', 'Cover, refrigerate and leave for at least 30 minutes, but the longer the better. Heat the oven to 200oC.', 'Transfer the marinated chicken to an oven tray and cook for about 30-40 minutes. The chicken should be tender and a little charred, which helps give the smokey flavour. Even better, you can cook this on the barbecue!']",10,40
Tandoori Fish,Fish in a spiced yoghurt marinade,medium,105155,3.8,83.0,4.0,[],"['500g Salmon or\xa0monkfish, in thick chunks', '1 lemon', 'salt to taste', '1 tsp cumin seeds', '3 garlic cloves, roughly chopped', '4cm piece of ginger, roughly chopped', '1 green chilli, chopped', '1 heaped tbsp thick greek yoghurt', '1 tsp kashmiri chilli powder or paprika', '1 tsp garam masala', '1 heaped tsp chickpea flour', '1 tbsp fresh coriander finely chopped', '1 tsp vegetable oil', 'Lemon juice to garnish', 'Handful of fresh coriander, chopped']","['Add the salmon to a mixing bowl along with juice from half the lemon juice and salt and mix well', 'Give the cumin seeds a bash and add to the bowl.', 'Crush the ginger and garlic in a pestle and mortar and place into a bowl.', 'Add the finely chopped chilli, and the remaining marinade ingredients and mix to ensure the fish is all coated. Leave to marinate for half an hour. The fish can be skewered or cooked directly on a baking sheet.', ""Preheat the grill to a medium to high setting. Grill for 15 mins until it's just done (you can also bake this in the oven if too)"", 'Once cooked squeeze over a little lemon juice and sprinkle with green coriander and serve.']",5,10
Tandoori Prawn Skewers,Tandoori Jinga,medium,77261,3.4,74.0,4.0,[],"['12 large uncooked king prawns', '1 fresh chilli, finely', '½\xa0tsp chilli powder', '3 garlic cloves', '3cm ginger', '1 tsp salt', '1 lemon, juice']","['Crush the ginger and garlic in a pestle and mortar to make a paste.', 'Place the prawns in a large bowl and sprinkle with the chilli powder, salt, lemon juice and the crushed ginger and garlic and set to one side.', 'Blend all the marinade ingredients together and coat the prawns, refrigerate for however long you can or just cook them.', 'Thread the marinated prawns onto skewers and cook on a griddle or on a barbecue for 5-6 minutes until they are pink and just cooked through.', 'Squeeze with lemon juice and some fresh coriander to serve.']",5,5
Tandoori Style Pigeon Breast,35 mins,mild,25890,3.0,34.0,4.0,[],['8 pigeon breasts'],"['Blend the ginger, garlic to make a paste.', 'Mix the ginger and garlic paste with lemon juice, salt, chilli powder and coat the pigeon breasts. Leave them to marinate for about 20 minutes.']",5,10
Tangy Tamarind Prawns,1 hr,hot,89921,3.8,66.0,4.0,['LACTOSE-FREE'],"['500g fresh king prawns', '2 tbsp oil', '1 tsp cumin seeds', '1 onion, finely sliced', '2 cloves of garlic, finely chopped', '200g tinned tomatoes (½ tin)', '1 tbsp ginger, grated', '1 tsp turmeric', '1 tsp salt', '1 chilli, finely chopped', '1 tbsp tamarind paste (alternatively a good squeeze of lemon juice)']","['Heat the oil in a pan. Add the cumin seeds, when sizzling add the onion and garlic. Fry gently until golden brown.', 'Once browned, reduce the heat and add the tinned tomatoes, ginger, turmeric, salt, chilli and tamarind paste. Increase the heat and stir so the tomatoes and onions melt together creating a thick masala sauce.', 'Once the sauce is shiny, add the prawns and stir to coat them with the sauce. Reduce the heat and cook through for a few minutes.', 'Add in the fresh tomatoes, stir and cook for a minute then remove from the heat.', 'Stir in the garam masala and throw in the coriander to add a beautiful freshness to the dish and serve.']",10,40
Thai Prawn Tom Khaa Soup,Tom Yum Soup with coconut milk,medium,10973,4.3,13.0,2.0,['CONTAINS-COCONUT'],"['1 tbsp vegetable oil', '10 prawns, peeled and deveined', '2 garlic cloves, finely grated', '2 tsp ginger, finely grated', '1 lemongrass, peeled and finely grated', '1 tbsp brown sugar', '1 1/2 tbsp fish sauce', '1 tsp coriander powder', '2 tsp chilli, garlic paste', '400g coconut milk tin', '500ml chicken stock', 'zest from 1 lime', '200g egg noodles,', '2 pak choy, quartered or Chinese lettuce']","['Heat oil in a large saucepan over high heat. Add prawns and sear both sides until light golden (30 seconds).\xa0Remove and set to one side.', 'Reduce the heat and add a little more oil. Add garlic, ginger and lemongrass. Saute until golden.', 'Add sugar and fish sauce. Stir and cook for 30 seconds until it turns almost to a caramel.', 'Add chilli paste, coriander powder and stir to cook for 30 seconds.', 'Pour in the chicken stock with the coconut milk and bring to a simmer.', 'Add the lime zest and stir in the noodles. Simmer to cook them as per the packet - usually about 5 minutes.', 'Add the pak choi for a minute then add the prawns into broth. Cook for 1 minutes to reheat them and serve in big bowls.', 'Add toppings of your choice and squeeze over lime juice to taste.']",10,10
Thari Walee Lamb,Lamb Curry,medium,158861,3.6,162.0,4.0,['LACTOSE-FREE'],"['600g leg of lamb (washed, trimmed & cubed)']","['Heat the oil in a heavy based pan and add the onions, after a few minutes stir in the chopped garlic.', 'Cook on a gentle heat so the onions cook to a dark golden brown. This will take at least 20 minutes. If the onions catch on the pan add a splash of water and stir.', 'Reduce the heat and add the tomatoes, ginger, salt, cumin, turmeric, chilli, coriander stalks and fenugreek. Stir together and increase the heat so the onions and tomatoes melt with the spices creating a thick aromatic masala sauce. This will take about 5-10 minutes.', 'Add the lamb and stir-fry to seal the meat and coat with the masala sauce.', 'Reduce the heat to the lowest setting and move the pan to the smallest hob. Place the lid on the pan and allow the lamb to cook gently in it own juices. This will take between 40-60 minutes. Stir occasionally until tender.', 'If you want more of a gravy add some boiling water and leave to simmer for another few minutes.', 'Remove from the heat and add the garam masala, sprinkle with the fresh coriander and serve.']",10,60
Tomato Base Restaurant Sauce,Tomato Masala,medium,91266,3.7,45.0,4.0,['VEGETARIAN'],"['500g onions, peeled', '25g fresh root ginger', '900ml water', '25g garlic', '1 tbsp salt', '400g tin of tomatoes', '4 tbsp of vegetable oil', '1 tbsp tomato purée', '1 tbsp turmeric', '1 tsp mild chilli powder/paprika']","['Roughly chop the onion, ginger and garlic.', 'In a blender blitz the onions, ginger and garlic with half the water until you have a smooth paste.', 'Place this blended paste and the remaining water into a large pan. Stir in the salt and bring to boil, ten reduce the heat and leave to simmer for about 45 minutes. Leave to cool.', 'Once cooled, pour into a blender and whizz until you are left with a completely smooth sauce.', 'Blend the tinned tomatoes until completely smooth.', 'Heat the oil in a clean pan and add the tomato purée, turmeric and chilli powder. Stir in the blended tomatoes and bring it all to the boil.', 'Reduce the heat and leave to simmer for 10 minutes. Stir in the onion mix and bring it all to a boil. After a few minutes reduce to a simmer.', 'Skim off any froth from the top and leave to cook for 25 minutes continuing skimming off any froth.', 'Leave to cool and store in the refrigerator for 5 days, or freeze', 'Heat and use as and when required.']",10,65
Tomato Kachumber Salad,Tomato and Onion Salad,medium,61585,3.9,29.0,4.0,['VEGETARIAN'],"['1 small red onion', '2 tomatoes', '1 chilli, finely chopped', 'Fresh coriander leaves', 'Juice from 1 lemon', '1 tsp salt', '½ tsp garam masala', '1 tsp kalonji seeds']","['Cut the onions, tomato, chilli into a very fine dice and place into a bowl.', 'Finely chop the coriander and place into the bowl.', 'Squeeze in the lemon and sprinkle in the salt, garam masala, kalonji seeds - stir and serve.']",20,0
Turnip Chana Dhal,Shalgam Chana,mild,47237,4.1,28.0,6.0,['VEGETARIAN'],"['4 small turnips', '125g Chana Dal', '1 small onion, sliced', '2 cloves of garlic, sliced', '3 ripe tomatoes', '1 or 2 green chillies', '4cm piece of ginger', '1 tbsp oil', '1 tsp cumin seeds', '4 cm piece cassia bark', '1 tsp mustard seeds', '1 tsp coriander seeds', '½ tsp red chilli powder', '½ turmeric powder', '1tsp or to taste salt', 'handful fresh coriander, chopped']","['Clean the chana dal and soak it in water for 3-4 hours before hand.', 'Peel, wash and cut turnips into small pieces.', 'Put the soaked dal and turnip pieces into a prerssure cooker, add 2 cups water, salt and then close the cooker and begin to heat.', 'After the first whistle reduce the heat and leave it to simmer about 4 minutes, then remove from the heat. Leave to cook and DO NOT open until the pressure has been releases.', 'Meanwhile roughly chop the tomatoes and chillies and ginger.', 'Place the cumin, mustard and coriander seeds in a frying pan and roast until they turn a shade darker and become frgrant. Crush the spices in a pestle and mortar or a spice grinder.', 'Then put the tomatoes, green chillies, ginger into a blender to make a fine paste.', 'Heat oil in a frying pan and add the cumin and cassia. Once fragrant add the sliced onions and garlic until they just start to brown.', 'Stir in the turmeric powder, salt and ground spices once this becomes fragrant stir in the tomato mixture and leave to cook until you have a thick masala sauce.', 'Open the cooker, and check the dhal is well cooked by squeezing the chana between your fingers. If they are cooked stir in the masala sauce into the dhal.', 'If you want to loosen it a little add enough hot water to get the consistency you want.', 'Add the chopped coriander and garnish with a little butter.']",10,40
"Vegan Wild Rice, Cumin & Chickpea Burgers",Channa Chaul Tikki,medium,12641,4.2,9.0,4.0,['VEGETARIAN'],"['200g cooked and cooled wild rice', '200g tinned chickpeas, drained', '2 shallots, minced', '1 tsp cumin seeds', '2 clove garlic, minced', '6 mushrooms, finely chopped', '1 green chilli chopped (optional)', '1 large fresh tomato, diced', '1 tsp salt', '1/2 tsp turmeric', '1/2 tsp chilli powder', '35g Panko breadcrumbs', '2 tbsp chopped fresh coriander', '½ tsp Kashmiri chilli powder', '2 tbsp rapeseed oil for frying']","['Cook the rice as per the instructions on the pack.', 'Heat the a frying pan over medium heat. Once hot, add oil and cumin seeds.', 'Once fragrant add the shallots and cook until translucent then add the garlic and cook for a minute. Add the mushrooms, chopped green chilli and tomatoes.', 'Season with salt, turmeric and chilli powder, and saute until you have a dry paste.', 'Add the drained chickpeas, cooked rice, to coat and remove from heat and set aside.', 'Put the cooled mixture, fresh coriander, panko breadcrumbs into a bowl and mix thoroughly with your hand. Squash the chickpeas until you have a pliable mixture – it should come together.', 'Form the mixture into four 1/2-inch thick patties – you need to press them together very firmly and place in the fridge so they set.', 'Heat oil in a large frying pan over medium-high heat. Add patties and cook until golden brown, about 4 minutes per side.', 'Toast some wholemeal pitta breads and serve the burgers in the pitta with salad and some Spiced tomato chutney.']",10,15
Vegetable Pilau,Mixed Vegetable Rice,medium,69937,4.0,15.0,4.0,['VEGETARIAN'],"['50g peas', '1 carrot (diced small)', '100g mixed vegetables - mushrooms, cauliflower, sweetcorn etc']","['Wash the rice until water runs clear and set to one side.', 'In a small bowl add the saffron strands and pour in a splash milk. Leave the saffron to steep.', 'Heat the oil and add the bay leaves, cassia bark, peppercorns, cumin seeds, cardamoms, black cardamom, cloves and stir-fry for 2 minutes until the spices become aromatic.', 'Add chopped onions and cook until soft. Stir in the salt and cook until the onion just begin to turn golden then stir in the ginger, garlic, green chilli,\xa0mint and coriander leaves.', 'Add the mixed vegetables. Stir to coat and cook for a few minutes.', 'Add the washed rice and stir through very gently. Add the water and bring to the boil.', 'Reduce the heat to the lowest setting and place the lid on the pan and leave to cook for 10 minutes. Splash the saffron milk on the rice and leave the lid on the pan for a few more minutes.', 'Remove the lid and fork through the rice and serve.']",10,20
Watermelon and Feta Chaat,Indian Style Watermelon and Feta Salad,medium,16652,4.4,11.0,6.0,['VEGETARIAN'],"['250g atta', 'salt pinch', '1 tsp ajwain', '½ tsp baking powder', '3 tbsp rapeseed oil or ghee', '1/4 cup water']","['Add the flour to a bowl and mix in the salt and carom seeds.', ""Add the oil and start to knead to form a dough pour in the water a little at a time until you have a soft dough. If it's sticky add a little more flour. Let it rest for 15 mins. Knead a little more to soften."", 'Heat oven 200°c', 'Take a ball and roll out to make a roti about 2-3mm thickness.', 'With a fork make holes all over the surface of the rolled out roti.', 'Using a cookie cutter cut out round discs and place onto a baking sheet lined with parchment paper.', 'Bake in the oven for 8-10 minutes, turning half way just until they turn golden (keep an eye on them).', 'Remove from the oven and leave to cool until crisp.']",40,15
Zambezi Baked Sea Bream,Shama with relish,medium,11808,4.0,7.0,2.0,['LACTOSE-FREE'],"['2 whole sea bream (sea bass fillets if you prefer)', '1 onion, sliced', '1 green pepper, chopped', '1 tomato, chopped', '3 garlic cloves', '2cm piece of ginger', '1 red chilli', '½ tsp salt', 'Half a lemon', 'Fresh coriander (optional)', '½ tsp chilli flakes']","['Heat your oven to 180ºC', 'Remove any scales, clean and wash the fish. With a sharp knife make 3 or 4 slits on the outside of the fish on both sides. Set to one side.', 'In a pestle and mortar crush the coriander seeds, cumin seeds, black peppercorns and place into a bowl.', 'Chop the curry leaves and add to the bowl with the turmeric, chilli powder and methi. Stir in the oil to make a paste.', 'Slice the ginger, garlic and chillies.', 'Chop the peppers and tomato, slice the onion and mix with the ginger, garlic and chillies.', 'Smear some of the spice mix inside the fish and then stuff it with the onion mixture. Smear the remaining fish masala all over the outside of the fish.', 'Place the fish onto some foil and fold it to seal neatly.', 'Place of a baking sheet and cook for\xa020-30 minutes until cooked through. This can also be cooked on the BBQ for a smoky flavour.', 'Once cooked, remove from the oven and open up the parcel with will be aromatic and delicious. You can put this under a hot grill for a few minutes to crispy up if you want to.', 'Serve with some cooked rice, a squeeze of lemon juice and a sprinkle of coriander. I also like to add a few chilli flakes.']",5,20
Zhoug,Middle Eastern Coriander Dip,medium,67834,3.7,3.0,4.0,['VEGETARIAN'],"['4 cloves garlic, roughly chopped', '2 bunches of fresh coriander, leaves and stems (unless very hard)2-3 green chillies', '1 tsp sea salt', '4 whole green cardamom', '1 tsp cumin seeds', '½-1 tsp red chilli flakes', '150ml oilve oil or rapeseed oil', '1 lemon, juice of']","['Toast the cardamom and cumin until fragrant in a dry pan.', 'Place in a spice grind and blitz to a powder.', 'Add the garlic cloves, coriander leaves, chillies, salt and red pepper flakes and blend agin.', ""Pour in the oil until it's smooth (you may need to scrape the sides down)."", 'The flavour of this dip transforms and changes over time so let it relax in the fridge.\xa0This will keep for 7-8 days in the fridge.']",5,5
